Plot Title: 10522260,,,,,,,
#,"Date Time, GMT-04:00","Temp, ¡C (LGR S/N: 10522260, SEN S/N: 10522260)","Intensity, Lux (LGR S/N: 10522260, SEN S/N: 10522260)",Coupler Attached (LGR S/N: 10522260),Host Connected (LGR S/N: 10522260),Stopped (LGR S/N: 10522260),End Of File (LGR S/N: 10522260)
1,9/26/15 9:00,20.996,0,,,,
2,9/26/15 9:30,21.091,0,,,,
3,9/26/15 10:00,20.71,10.8,,,,
4,9/26/15 10:30,20.996,96.9,,,,
5,9/26/15 11:00,21.282,0,,,,
6,9/26/15 11:30,21.378,0,,,,
7,9/26/15 12:00,21.76,172.2,,,,
8,9/26/15 12:30,21.951,53.8,,,,
9,9/26/15 13:00,22.333,107.6,,,,
10,9/26/15 13:30,23.677,32.3,,,,
11,9/26/15 14:00,23.677,376.7,,,,
12,9/26/15 14:30,23.869,0,,,,
13,9/26/15 15:00,23.581,0,,,,
14,9/26/15 15:30,23.388,0,,,,
15,9/26/15 16:00,23.196,21.5,,,,
16,9/26/15 16:30,23.292,279.9,,,,
17,9/26/15 17:00,23.292,0,,,,
18,9/26/15 17:30,23.196,0,,,,
19,9/26/15 18:00,23.1,0,,,,
20,9/26/15 18:30,23.196,0,,,,
21,9/26/15 19:00,22.908,0,,,,
22,9/26/15 19:30,22.621,0,,,,
23,9/26/15 20:00,22.333,0,,,,
24,9/26/15 20:30,22.046,0,,,,
25,9/26/15 21:00,21.855,0,,,,
26,9/26/15 21:30,21.664,0,,,,
27,9/26/15 22:00,21.569,0,,,,
28,9/26/15 22:30,21.473,0,,,,
29,9/26/15 23:00,21.282,0,,,,
30,9/26/15 23:30,21.187,0,,,,
31,9/27/15 0:00,21.091,0,,,,
32,9/27/15 0:30,20.901,0,,,,
33,9/27/15 1:00,20.805,0,,,,
34,9/27/15 1:30,20.71,0,,,,
35,9/27/15 2:00,20.615,0,,,,
36,9/27/15 2:30,20.519,0,,,,
37,9/27/15 3:00,20.424,0,,,,
38,9/27/15 3:30,20.329,0,,,,
39,9/27/15 4:00,20.234,0,,,,
40,9/27/15 4:30,20.234,0,,,,
41,9/27/15 5:00,20.138,0,,,,
42,9/27/15 5:30,20.043,0,,,,
43,9/27/15 6:00,19.948,0,,,,
44,9/27/15 6:30,19.948,0,,,,
45,9/27/15 7:00,19.853,0,,,,
46,9/27/15 7:30,19.853,0,,,,
47,9/27/15 8:00,19.472,10.8,,,,
48,9/27/15 8:30,18.806,0,,,,
49,9/27/15 9:00,17.95,32.3,,,,
50,9/27/15 9:30,16.713,0,,,,
51,9/27/15 10:00,16.618,0,,,,
52,9/27/15 10:30,16.141,0,,,,
53,9/27/15 11:00,16.046,0,,,,
54,9/27/15 11:30,17.189,32.3,,,,
55,9/27/15 12:00,17.284,2238.9,,,,
56,9/27/15 12:30,13.365,96.9,,,,
57,9/27/15 13:00,13.461,118.4,,,,
58,9/27/15 13:30,13.558,107.6,,,,
59,9/27/15 14:00,13.75,118.4,,,,
60,9/27/15 14:30,13.846,107.6,,,,
61,9/27/15 15:00,14.038,53.8,,,,
62,9/27/15 15:30,14.23,86.1,,,,
63,9/27/15 16:00,14.325,53.8,,,,
64,9/27/15 16:30,14.325,0,,,,
65,9/27/15 17:00,14.325,0,,,,
66,9/27/15 17:30,14.325,10.8,,,,
67,9/27/15 18:00,14.325,0,,,,
68,9/27/15 18:30,14.23,0,,,,
69,9/27/15 19:00,14.23,0,,,,
70,9/27/15 19:30,14.23,0,,,,
71,9/27/15 20:00,14.134,0,,,,
72,9/27/15 20:30,14.134,0,,,,
73,9/27/15 21:00,14.038,0,,,,
74,9/27/15 21:30,13.942,0,,,,
75,9/27/15 22:00,13.942,0,,,,
76,9/27/15 22:30,13.942,0,,,,
77,9/27/15 23:00,13.846,0,,,,
78,9/27/15 23:30,13.846,0,,,,
79,9/28/15 0:00,13.846,0,,,,
80,9/28/15 0:30,13.846,0,,,,
81,9/28/15 1:00,13.75,0,,,,
82,9/28/15 1:30,13.75,0,,,,
83,9/28/15 2:00,13.75,0,,,,
84,9/28/15 2:30,13.75,0,,,,
85,9/28/15 3:00,13.75,0,,,,
86,9/28/15 3:30,13.75,0,,,,
87,9/28/15 4:00,13.75,0,,,,
88,9/28/15 4:30,13.846,0,,,,
89,9/28/15 5:00,13.846,0,,,,
90,9/28/15 5:30,13.846,0,,,,
91,9/28/15 6:00,13.942,0,,,,
92,9/28/15 6:30,13.942,0,,,,
93,9/28/15 7:00,13.942,0,,,,
94,9/28/15 7:30,13.942,0,,,,
95,9/28/15 8:00,13.942,0,,,,
96,9/28/15 8:30,13.942,0,,,,
97,9/28/15 9:00,14.038,10.8,,,,
98,9/28/15 9:30,14.038,21.5,,,,
99,9/28/15 10:00,14.134,64.6,,,,
100,9/28/15 10:30,14.23,21.5,,,,
101,9/28/15 11:00,14.23,32.3,,,,
102,9/28/15 11:30,14.325,32.3,,,,
103,9/28/15 12:00,14.421,21.5,,,,
104,9/28/15 12:30,14.421,21.5,,,,
105,9/28/15 13:00,14.421,32.3,,,,
106,9/28/15 13:30,14.517,86.1,,,,
107,9/28/15 14:00,14.613,32.3,,,,
108,9/28/15 14:30,14.709,53.8,,,,
109,9/28/15 15:00,14.709,32.3,,,,
110,9/28/15 15:30,14.804,21.5,,,,
111,9/28/15 16:00,14.9,32.3,,,,
112,9/28/15 16:30,14.9,0,,,,
113,9/28/15 17:00,14.996,21.5,,,,
114,9/28/15 17:30,14.996,0,,,,
115,9/28/15 18:00,14.996,0,,,,
116,9/28/15 18:30,15.091,0,,,,
117,9/28/15 19:00,15.091,0,,,,
118,9/28/15 19:30,15.091,0,,,,
119,9/28/15 20:00,14.996,0,,,,
120,9/28/15 20:30,14.996,0,,,,
121,9/28/15 21:00,14.996,0,,,,
122,9/28/15 21:30,14.996,0,,,,
123,9/28/15 22:00,14.996,0,,,,
124,9/28/15 22:30,14.996,0,,,,
125,9/28/15 23:00,14.996,0,,,,
126,9/28/15 23:30,14.996,0,,,,
127,9/29/15 0:00,14.996,0,,,,
128,9/29/15 0:30,14.996,0,,,,
129,9/29/15 1:00,15.091,0,,,,
130,9/29/15 1:30,14.996,0,,,,
131,9/29/15 2:00,14.996,0,,,,
132,9/29/15 2:30,14.996,0,,,,
133,9/29/15 3:00,15.091,0,,,,
134,9/29/15 3:30,15.091,0,,,,
135,9/29/15 4:00,15.091,0,,,,
136,9/29/15 4:30,15.091,0,,,,
137,9/29/15 5:00,15.091,0,,,,
138,9/29/15 5:30,15.091,0,,,,
139,9/29/15 6:00,15.091,0,,,,
140,9/29/15 6:30,15.091,0,,,,
141,9/29/15 7:00,15.091,0,,,,
142,9/29/15 7:30,15.091,0,,,,
143,9/29/15 8:00,15.091,0,,,,
144,9/29/15 8:30,15.091,0,,,,
145,9/29/15 9:00,15.187,0,,,,
146,9/29/15 9:30,15.187,0,,,,
147,9/29/15 10:00,15.187,0,,,,
148,9/29/15 10:30,15.187,0,,,,
149,9/29/15 11:00,15.187,0,,,,
150,9/29/15 11:30,15.282,10.8,,,,
151,9/29/15 12:00,15.378,0,,,,
152,9/29/15 12:30,15.473,10.8,,,,
153,9/29/15 13:00,15.664,10.8,,,,
154,9/29/15 13:30,15.664,21.5,,,,
155,9/29/15 14:00,15.76,10.8,,,,
156,9/29/15 14:30,15.76,0,,,,
157,9/29/15 15:00,15.951,0,,,,
158,9/29/15 15:30,16.046,0,,,,
159,9/29/15 16:00,16.141,0,,,,
160,9/29/15 16:30,16.237,0,,,,
161,9/29/15 17:00,16.237,0,,,,
162,9/29/15 17:30,16.237,0,,,,
163,9/29/15 18:00,16.237,0,,,,
164,9/29/15 18:30,16.332,0,,,,
165,9/29/15 19:00,16.332,0,,,,
166,9/29/15 19:30,16.332,0,,,,
167,9/29/15 20:00,16.332,0,,,,
168,9/29/15 20:30,16.332,0,,,,
169,9/29/15 21:00,16.332,0,,,,
170,9/29/15 21:30,16.332,0,,,,
171,9/29/15 22:00,16.427,0,,,,
172,9/29/15 22:30,16.523,0,,,,
173,9/29/15 23:00,16.523,0,,,,
174,9/29/15 23:30,16.523,0,,,,
175,9/30/15 0:00,16.523,0,,,,
176,9/30/15 0:30,16.523,0,,,,
177,9/30/15 1:00,16.523,0,,,,
178,9/30/15 1:30,16.523,0,,,,
179,9/30/15 2:00,16.523,0,,,,
180,9/30/15 2:30,16.523,0,,,,
181,9/30/15 3:00,16.523,0,,,,
182,9/30/15 3:30,16.427,0,,,,
183,9/30/15 4:00,16.427,0,,,,
184,9/30/15 4:30,16.427,0,,,,
185,9/30/15 5:00,16.427,0,,,,
186,9/30/15 5:30,16.427,0,,,,
187,9/30/15 6:00,16.332,0,,,,
188,9/30/15 6:30,16.332,0,,,,
189,9/30/15 7:00,16.237,0,,,,
190,9/30/15 7:30,16.237,0,,,,
191,9/30/15 8:00,16.141,0,,,,
192,9/30/15 8:30,16.046,0,,,,
193,9/30/15 9:00,16.046,0,,,,
194,9/30/15 9:30,15.951,0,,,,
195,9/30/15 10:00,15.855,0,,,,
196,9/30/15 10:30,15.76,0,,,,
197,9/30/15 11:00,15.76,0,,,,
198,9/30/15 11:30,15.664,0,,,,
199,9/30/15 12:00,15.569,0,,,,
200,9/30/15 12:30,15.569,0,,,,
201,9/30/15 13:00,15.473,0,,,,
202,9/30/15 13:30,15.473,10.8,,,,
203,9/30/15 14:00,15.473,10.8,,,,
204,9/30/15 14:30,15.473,0,,,,
205,9/30/15 15:00,15.378,0,,,,
206,9/30/15 15:30,15.282,0,,,,
207,9/30/15 16:00,15.187,0,,,,
208,9/30/15 16:30,14.996,0,,,,
209,9/30/15 17:00,14.9,0,,,,
210,9/30/15 17:30,14.804,0,,,,
211,9/30/15 18:00,14.709,0,,,,
212,9/30/15 18:30,14.613,0,,,,
213,9/30/15 19:00,14.517,0,,,,
214,9/30/15 19:30,14.421,0,,,,
215,9/30/15 20:00,14.325,0,,,,
216,9/30/15 20:30,14.23,0,,,,
217,9/30/15 21:00,14.134,0,,,,
218,9/30/15 21:30,14.038,0,,,,
219,9/30/15 22:00,13.942,0,,,,
220,9/30/15 22:30,13.846,0,,,,
221,9/30/15 23:00,13.75,0,,,,
222,9/30/15 23:30,13.558,0,,,,
223,10/1/15 0:00,13.461,0,,,,
224,10/1/15 0:30,13.365,0,,,,
225,10/1/15 1:00,13.269,0,,,,
226,10/1/15 1:30,13.173,0,,,,
227,10/1/15 2:00,13.076,0,,,,
228,10/1/15 2:30,12.98,0,,,,
229,10/1/15 3:00,12.98,0,,,,
230,10/1/15 3:30,12.787,0,,,,
231,10/1/15 4:00,12.787,0,,,,
232,10/1/15 4:30,12.69,0,,,,
233,10/1/15 5:00,12.594,0,,,,
234,10/1/15 5:30,12.497,0,,,,
235,10/1/15 6:00,12.401,0,,,,
236,10/1/15 6:30,12.401,0,,,,
237,10/1/15 7:00,12.304,0,,,,
238,10/1/15 7:30,12.304,0,,,,
239,10/1/15 8:00,12.207,0,,,,
240,10/1/15 8:30,12.11,0,,,,
241,10/1/15 9:00,12.11,10.8,,,,
242,10/1/15 9:30,12.11,0,,,,
243,10/1/15 10:00,12.013,10.8,,,,
244,10/1/15 10:30,12.013,10.8,,,,
245,10/1/15 11:00,12.013,10.8,,,,
246,10/1/15 11:30,12.013,10.8,,,,
247,10/1/15 12:00,12.013,21.5,,,,
248,10/1/15 12:30,12.013,43.1,,,,
249,10/1/15 13:00,12.013,32.3,,,,
250,10/1/15 13:30,12.013,32.3,,,,
251,10/1/15 14:00,12.11,32.3,,,,
252,10/1/15 14:30,12.11,21.5,,,,
253,10/1/15 15:00,12.11,10.8,,,,
254,10/1/15 15:30,12.11,10.8,,,,
255,10/1/15 16:00,12.207,21.5,,,,
256,10/1/15 16:30,12.207,32.3,,,,
257,10/1/15 17:00,12.304,10.8,,,,
258,10/1/15 17:30,12.304,10.8,,,,
259,10/1/15 18:00,12.304,0,,,,
260,10/1/15 18:30,12.207,0,,,,
261,10/1/15 19:00,12.207,0,,,,
262,10/1/15 19:30,12.11,0,,,,
263,10/1/15 20:00,12.013,0,,,,
264,10/1/15 20:30,12.013,0,,,,
265,10/1/15 21:00,11.916,0,,,,
266,10/1/15 21:30,11.819,0,,,,
267,10/1/15 22:00,11.722,0,,,,
268,10/1/15 22:30,11.625,0,,,,
269,10/1/15 23:00,11.528,0,,,,
270,10/1/15 23:30,11.431,0,,,,
271,10/2/15 0:00,11.334,0,,,,
272,10/2/15 0:30,11.236,0,,,,
273,10/2/15 1:00,11.139,0,,,,
274,10/2/15 1:30,11.041,0,,,,
275,10/2/15 2:00,10.944,0,,,,
276,10/2/15 2:30,10.748,0,,,,
277,10/2/15 3:00,10.651,0,,,,
278,10/2/15 3:30,10.553,0,,,,
279,10/2/15 4:00,10.455,0,,,,
280,10/2/15 4:30,10.357,0,,,,
281,10/2/15 5:00,10.259,0,,,,
282,10/2/15 5:30,10.161,0,,,,
283,10/2/15 6:00,10.063,0,,,,
284,10/2/15 6:30,10.063,0,,,,
285,10/2/15 7:00,9.965,0,,,,
286,10/2/15 7:30,9.965,0,,,,
287,10/2/15 8:00,9.866,0,,,,
288,10/2/15 8:30,9.866,0,,,,
289,10/2/15 9:00,9.866,10.8,,,,
290,10/2/15 9:30,9.866,21.5,,,,
291,10/2/15 10:00,9.965,21.5,,,,
292,10/2/15 10:30,9.965,32.3,,,,
293,10/2/15 11:00,9.965,32.3,,,,
294,10/2/15 11:30,10.063,32.3,,,,
295,10/2/15 12:00,10.063,43.1,,,,
296,10/2/15 12:30,10.161,43.1,,,,
297,10/2/15 13:00,10.161,43.1,,,,
298,10/2/15 13:30,10.259,53.8,,,,
299,10/2/15 14:00,10.259,43.1,,,,
300,10/2/15 14:30,10.357,43.1,,,,
301,10/2/15 15:00,10.357,53.8,,,,
302,10/2/15 15:30,10.357,32.3,,,,
303,10/2/15 16:00,10.357,21.5,,,,
304,10/2/15 16:30,10.357,0,,,,
305,10/2/15 17:00,10.357,0,,,,
306,10/2/15 17:30,10.357,0,,,,
307,10/2/15 18:00,10.357,0,,,,
308,10/2/15 18:30,10.259,0,,,,
309,10/2/15 19:00,10.259,0,,,,
310,10/2/15 19:30,10.161,0,,,,
311,10/2/15 20:00,10.161,0,,,,
312,10/2/15 20:30,10.063,0,,,,
313,10/2/15 21:00,10.063,0,,,,
314,10/2/15 21:30,9.965,0,,,,
315,10/2/15 22:00,9.965,0,,,,
316,10/2/15 22:30,9.866,0,,,,
317,10/2/15 23:00,9.866,0,,,,
318,10/2/15 23:30,9.768,0,,,,
319,10/3/15 0:00,9.768,0,,,,
320,10/3/15 0:30,9.669,0,,,,
321,10/3/15 1:00,9.571,0,,,,
322,10/3/15 1:30,9.571,0,,,,
323,10/3/15 2:00,9.571,0,,,,
324,10/3/15 2:30,9.472,0,,,,
325,10/3/15 3:00,9.472,0,,,,
326,10/3/15 3:30,9.373,0,,,,
327,10/3/15 4:00,9.373,0,,,,
328,10/3/15 4:30,9.275,0,,,,
329,10/3/15 5:00,9.176,0,,,,
330,10/3/15 5:30,9.176,0,,,,
331,10/3/15 6:00,9.176,0,,,,
332,10/3/15 6:30,9.176,0,,,,
333,10/3/15 7:00,9.176,0,,,,
334,10/3/15 7:30,9.176,0,,,,
335,10/3/15 8:00,9.176,0,,,,
336,10/3/15 8:30,9.176,0,,,,
337,10/3/15 9:00,9.176,0,,,,
338,10/3/15 9:30,9.176,0,,,,
339,10/3/15 10:00,9.275,10.8,,,,
340,10/3/15 10:30,9.275,21.5,,,,
341,10/3/15 11:00,9.373,32.3,,,,
342,10/3/15 11:30,9.373,32.3,,,,
343,10/3/15 12:00,9.472,32.3,,,,
344,10/3/15 12:30,9.571,21.5,,,,
345,10/3/15 13:00,9.571,21.5,,,,
346,10/3/15 13:30,9.571,21.5,,,,
347,10/3/15 14:00,9.669,10.8,,,,
348,10/3/15 14:30,9.669,10.8,,,,
349,10/3/15 15:00,9.669,21.5,,,,
350,10/3/15 15:30,9.669,10.8,,,,
351,10/3/15 16:00,9.768,10.8,,,,
352,10/3/15 16:30,9.669,0,,,,
353,10/3/15 17:00,9.669,0,,,,
354,10/3/15 17:30,9.669,0,,,,
355,10/3/15 18:00,9.669,0,,,,
356,10/3/15 18:30,9.669,0,,,,
357,10/3/15 19:00,9.571,0,,,,
358,10/3/15 19:30,9.571,0,,,,
359,10/3/15 20:00,9.571,0,,,,
360,10/3/15 20:30,9.571,0,,,,
361,10/3/15 21:00,9.571,0,,,,
362,10/3/15 21:30,9.571,0,,,,
363,10/3/15 22:00,9.571,0,,,,
364,10/3/15 22:30,9.571,0,,,,
365,10/3/15 23:00,9.571,0,,,,
366,10/3/15 23:30,9.472,0,,,,
367,10/4/15 0:00,9.472,0,,,,
368,10/4/15 0:30,9.472,0,,,,
369,10/4/15 1:00,9.472,0,,,,
370,10/4/15 1:30,9.472,0,,,,
371,10/4/15 2:00,9.472,0,,,,
372,10/4/15 2:30,9.472,0,,,,
373,10/4/15 3:00,9.472,0,,,,
374,10/4/15 3:30,9.472,0,,,,
375,10/4/15 4:00,9.472,0,,,,
376,10/4/15 4:30,9.472,0,,,,
377,10/4/15 5:00,9.472,0,,,,
378,10/4/15 5:30,9.472,0,,,,
379,10/4/15 6:00,9.373,0,,,,
380,10/4/15 6:30,9.373,0,,,,
381,10/4/15 7:00,9.275,0,,,,
382,10/4/15 7:30,9.275,0,,,,
383,10/4/15 8:00,9.275,0,,,,
384,10/4/15 8:30,9.275,10.8,,,,
385,10/4/15 9:00,9.373,10.8,,,,
386,10/4/15 9:30,9.373,10.8,,,,
387,10/4/15 10:00,9.373,32.3,,,,
388,10/4/15 10:30,9.472,21.5,,,,
389,10/4/15 11:00,9.571,43.1,,,,
390,10/4/15 11:30,9.669,75.3,,,,
391,10/4/15 12:00,9.768,53.8,,,,
392,10/4/15 12:30,9.866,64.6,,,,
393,10/4/15 13:00,10.063,75.3,,,,
394,10/4/15 13:30,10.259,96.9,,,,
395,10/4/15 14:00,10.455,139.9,,,,
396,10/4/15 14:30,10.651,75.3,,,,
397,10/4/15 15:00,10.846,64.6,,,,
398,10/4/15 15:30,10.944,32.3,,,,
399,10/4/15 16:00,11.041,10.8,,,,
400,10/4/15 16:30,11.041,32.3,,,,
401,10/4/15 17:00,11.041,0,,,,
402,10/4/15 17:30,11.041,0,,,,
403,10/4/15 18:00,11.041,0,,,,
404,10/4/15 18:30,11.041,0,,,,
405,10/4/15 19:00,11.041,0,,,,
406,10/4/15 19:30,10.944,0,,,,
407,10/4/15 20:00,10.944,0,,,,
408,10/4/15 20:30,10.846,0,,,,
409,10/4/15 21:00,10.846,0,,,,
410,10/4/15 21:30,10.748,0,,,,
411,10/4/15 22:00,10.748,0,,,,
412,10/4/15 22:30,10.651,0,,,,
413,10/4/15 23:00,10.651,0,,,,
414,10/4/15 23:30,10.553,0,,,,
415,10/5/15 0:00,10.553,0,,,,
416,10/5/15 0:30,10.357,0,,,,
417,10/5/15 1:00,10.259,0,,,,
418,10/5/15 1:30,10.161,0,,,,
419,10/5/15 2:00,10.063,0,,,,
420,10/5/15 2:30,9.965,0,,,,
421,10/5/15 3:00,9.866,0,,,,
422,10/5/15 3:30,9.866,0,,,,
423,10/5/15 4:00,9.768,0,,,,
424,10/5/15 4:30,9.669,0,,,,
425,10/5/15 5:00,9.571,0,,,,
426,10/5/15 5:30,9.571,0,,,,
427,10/5/15 6:00,9.472,0,,,,
428,10/5/15 6:30,9.472,0,,,,
429,10/5/15 7:00,9.373,0,,,,
430,10/5/15 7:30,9.373,0,,,,
431,10/5/15 8:00,9.275,0,,,,
432,10/5/15 8:30,9.275,10.8,,,,
433,10/5/15 9:00,9.373,0,,,,
434,10/5/15 9:30,9.373,0,,,,
435,10/5/15 10:00,9.373,43.1,,,,
436,10/5/15 10:30,9.472,75.3,,,,
437,10/5/15 11:00,9.571,32.3,,,,
438,10/5/15 11:30,9.669,64.6,,,,
439,10/5/15 12:00,9.768,64.6,,,,
440,10/5/15 12:30,9.866,75.3,,,,
441,10/5/15 13:00,10.063,75.3,,,,
442,10/5/15 13:30,10.161,75.3,,,,
443,10/5/15 14:00,10.357,107.6,,,,
444,10/5/15 14:30,10.651,86.1,,,,
445,10/5/15 15:00,10.846,75.3,,,,
446,10/5/15 15:30,10.944,43.1,,,,
447,10/5/15 16:00,11.041,10.8,,,,
448,10/5/15 16:30,11.041,0,,,,
449,10/5/15 17:00,11.041,0,,,,
450,10/5/15 17:30,11.041,0,,,,
451,10/5/15 18:00,11.139,0,,,,
452,10/5/15 18:30,11.139,0,,,,
453,10/5/15 19:00,11.041,0,,,,
454,10/5/15 19:30,11.041,0,,,,
455,10/5/15 20:00,10.944,0,,,,
456,10/5/15 20:30,10.944,0,,,,
457,10/5/15 21:00,10.846,0,,,,
458,10/5/15 21:30,10.846,0,,,,
459,10/5/15 22:00,10.748,0,,,,
460,10/5/15 22:30,10.748,0,,,,
461,10/5/15 23:00,10.651,0,,,,
462,10/5/15 23:30,10.651,0,,,,
463,10/6/15 0:00,10.651,0,,,,
464,10/6/15 0:30,10.651,0,,,,
465,10/6/15 1:00,10.651,0,,,,
466,10/6/15 1:30,10.651,0,,,,
467,10/6/15 2:00,10.748,0,,,,
468,10/6/15 2:30,10.748,0,,,,
469,10/6/15 3:00,10.748,0,,,,
470,10/6/15 3:30,10.748,0,,,,
471,10/6/15 4:00,10.748,0,,,,
472,10/6/15 4:30,10.748,0,,,,
473,10/6/15 5:00,10.846,0,,,,
474,10/6/15 5:30,10.748,0,,,,
475,10/6/15 6:00,10.846,0,,,,
476,10/6/15 6:30,10.846,0,,,,
477,10/6/15 7:00,10.846,0,,,,
478,10/6/15 7:30,10.846,0,,,,
479,10/6/15 8:00,10.846,0,,,,
480,10/6/15 8:30,10.846,10.8,,,,
481,10/6/15 9:00,10.944,10.8,,,,
482,10/6/15 9:30,10.944,21.5,,,,
483,10/6/15 10:00,11.041,21.5,,,,
484,10/6/15 10:30,11.139,32.3,,,,
485,10/6/15 11:00,11.139,43.1,,,,
486,10/6/15 11:30,11.236,21.5,,,,
487,10/6/15 12:00,11.334,32.3,,,,
488,10/6/15 12:30,11.334,32.3,,,,
489,10/6/15 13:00,11.334,21.5,,,,
490,10/6/15 13:30,11.431,43.1,,,,
491,10/6/15 14:00,11.528,32.3,,,,
492,10/6/15 14:30,11.625,32.3,,,,
493,10/6/15 15:00,11.625,10.8,,,,
494,10/6/15 15:30,11.625,43.1,,,,
495,10/6/15 16:00,11.722,21.5,,,,
496,10/6/15 16:30,11.722,10.8,,,,
497,10/6/15 17:00,11.819,0,,,,
498,10/6/15 17:30,11.819,0,,,,
499,10/6/15 18:00,11.819,0,,,,
500,10/6/15 18:30,11.819,0,,,,
501,10/6/15 19:00,11.819,0,,,,
502,10/6/15 19:30,11.819,0,,,,
503,10/6/15 20:00,11.819,0,,,,
504,10/6/15 20:30,11.819,0,,,,
505,10/6/15 21:00,11.819,0,,,,
506,10/6/15 21:30,11.819,0,,,,
507,10/6/15 22:00,11.819,0,,,,
508,10/6/15 22:30,11.819,0,,,,
509,10/6/15 23:00,11.819,0,,,,
510,10/6/15 23:30,11.819,0,,,,
511,10/7/15 0:00,11.916,0,,,,
512,10/7/15 0:30,11.916,0,,,,
513,10/7/15 1:00,11.916,0,,,,
514,10/7/15 1:30,11.916,0,,,,
515,10/7/15 2:00,11.916,0,,,,
516,10/7/15 2:30,11.916,0,,,,
517,10/7/15 3:00,11.819,0,,,,
518,10/7/15 3:30,11.916,0,,,,
519,10/7/15 4:00,11.916,0,,,,
520,10/7/15 4:30,11.819,0,,,,
521,10/7/15 5:00,11.819,0,,,,
522,10/7/15 5:30,11.819,0,,,,
523,10/7/15 6:00,11.722,0,,,,
524,10/7/15 6:30,11.722,0,,,,
525,10/7/15 7:00,11.722,0,,,,
526,10/7/15 7:30,11.722,0,,,,
527,10/7/15 8:00,11.625,0,,,,
528,10/7/15 8:30,11.722,0,,,,
529,10/7/15 9:00,11.722,10.8,,,,
530,10/7/15 9:30,11.722,21.5,,,,
531,10/7/15 10:00,11.819,21.5,,,,
532,10/7/15 10:30,11.819,32.3,,,,
533,10/7/15 11:00,11.819,32.3,,,,
534,10/7/15 11:30,11.916,32.3,,,,
535,10/7/15 12:00,12.013,64.6,,,,
536,10/7/15 12:30,12.11,43.1,,,,
537,10/7/15 13:00,12.207,43.1,,,,
538,10/7/15 13:30,12.304,75.3,,,,
539,10/7/15 14:00,12.304,86.1,,,,
540,10/7/15 14:30,12.497,150.7,,,,
541,10/7/15 15:00,12.594,107.6,,,,
542,10/7/15 15:30,12.69,107.6,,,,
543,10/7/15 16:00,12.69,75.3,,,,
544,10/7/15 16:30,12.69,21.5,,,,
545,10/7/15 17:00,12.69,0,,,,
546,10/7/15 17:30,12.69,0,,,,
547,10/7/15 18:00,12.69,0,,,,
548,10/7/15 18:30,12.594,0,,,,
549,10/7/15 19:00,12.594,0,,,,
550,10/7/15 19:30,12.594,0,,,,
551,10/7/15 20:00,12.497,0,,,,
552,10/7/15 20:30,12.497,0,,,,
553,10/7/15 21:00,12.401,0,,,,
554,10/7/15 21:30,12.401,0,,,,
555,10/7/15 22:00,12.401,0,,,,
556,10/7/15 22:30,12.401,0,,,,
557,10/7/15 23:00,12.401,0,,,,
558,10/7/15 23:30,12.497,0,,,,
559,10/8/15 0:00,12.401,0,,,,
560,10/8/15 0:30,12.497,0,,,,
561,10/8/15 1:00,12.401,0,,,,
562,10/8/15 1:30,12.401,0,,,,
563,10/8/15 2:00,12.401,0,,,,
564,10/8/15 2:30,12.304,0,,,,
565,10/8/15 3:00,12.207,0,,,,
566,10/8/15 3:30,12.207,0,,,,
567,10/8/15 4:00,12.11,0,,,,
568,10/8/15 4:30,12.013,0,,,,
569,10/8/15 5:00,12.013,0,,,,
570,10/8/15 5:30,11.916,0,,,,
571,10/8/15 6:00,11.916,0,,,,
572,10/8/15 6:30,11.916,0,,,,
573,10/8/15 7:00,11.916,0,,,,
574,10/8/15 7:30,11.819,0,,,,
575,10/8/15 8:00,11.819,0,,,,
576,10/8/15 8:30,11.819,10.8,,,,
577,10/8/15 9:00,11.819,32.3,,,,
578,10/8/15 9:30,11.916,32.3,,,,
579,10/8/15 10:00,11.916,96.9,,,,
580,10/8/15 10:30,11.916,21.5,,,,
581,10/8/15 11:00,12.013,86.1,,,,
582,10/8/15 11:30,12.11,96.9,,,,
583,10/8/15 12:00,12.11,75.3,,,,
584,10/8/15 12:30,12.207,32.3,,,,
585,10/8/15 13:00,12.304,118.4,,,,
586,10/8/15 13:30,12.401,75.3,,,,
587,10/8/15 14:00,12.497,172.2,,,,
588,10/8/15 14:30,12.594,21.5,,,,
589,10/8/15 15:00,12.787,129.2,,,,
590,10/8/15 15:30,12.787,21.5,,,,
591,10/8/15 16:00,12.787,10.8,,,,
592,10/8/15 16:30,12.787,10.8,,,,
593,10/8/15 17:00,12.787,0,,,,
594,10/8/15 17:30,12.69,0,,,,
595,10/8/15 18:00,12.69,0,,,,
596,10/8/15 18:30,12.69,0,,,,
597,10/8/15 19:00,12.594,0,,,,
598,10/8/15 19:30,12.497,0,,,,
599,10/8/15 20:00,12.401,0,,,,
600,10/8/15 20:30,12.304,0,,,,
601,10/8/15 21:00,12.207,0,,,,
602,10/8/15 21:30,12.11,0,,,,
603,10/8/15 22:00,12.013,0,,,,
604,10/8/15 22:30,11.916,0,,,,
605,10/8/15 23:00,11.819,0,,,,
606,10/8/15 23:30,11.819,0,,,,
607,10/9/15 0:00,11.722,0,,,,
608,10/9/15 0:30,11.722,0,,,,
609,10/9/15 1:00,11.722,0,,,,
610,10/9/15 1:30,11.722,0,,,,
611,10/9/15 2:00,11.722,0,,,,
612,10/9/15 2:30,11.722,0,,,,
613,10/9/15 3:00,11.819,0,,,,
614,10/9/15 3:30,11.819,0,,,,
615,10/9/15 4:00,11.916,0,,,,
616,10/9/15 4:30,11.916,0,,,,
617,10/9/15 5:00,11.916,0,,,,
618,10/9/15 5:30,11.916,0,,,,
619,10/9/15 6:00,12.013,0,,,,
620,10/9/15 6:30,12.013,0,,,,
621,10/9/15 7:00,12.013,0,,,,
622,10/9/15 7:30,12.013,0,,,,
623,10/9/15 8:00,12.11,0,,,,
624,10/9/15 8:30,12.11,0,,,,
625,10/9/15 9:00,12.207,10.8,,,,
626,10/9/15 9:30,12.207,0,,,,
627,10/9/15 10:00,12.304,0,,,,
628,10/9/15 10:30,12.304,0,,,,
629,10/9/15 11:00,12.401,10.8,,,,
630,10/9/15 11:30,12.497,0,,,,
631,10/9/15 12:00,12.497,0,,,,
632,10/9/15 12:30,12.594,0,,,,
633,10/9/15 13:00,12.69,0,,,,
634,10/9/15 13:30,12.69,10.8,,,,
635,10/9/15 14:00,12.787,32.3,,,,
636,10/9/15 14:30,12.883,10.8,,,,
637,10/9/15 15:00,12.98,0,,,,
638,10/9/15 15:30,13.076,10.8,,,,
639,10/9/15 16:00,13.076,10.8,,,,
640,10/9/15 16:30,13.173,0,,,,
641,10/9/15 17:00,13.269,0,,,,
642,10/9/15 17:30,13.269,0,,,,
643,10/9/15 18:00,13.269,0,,,,
644,10/9/15 18:30,13.269,0,,,,
645,10/9/15 19:00,13.173,0,,,,
646,10/9/15 19:30,13.076,0,,,,
647,10/9/15 20:00,12.98,0,,,,
648,10/9/15 20:30,12.787,0,,,,
649,10/9/15 21:00,12.69,0,,,,
650,10/9/15 21:30,12.497,0,,,,
651,10/9/15 22:00,12.401,0,,,,
652,10/9/15 22:30,12.207,0,,,,
653,10/9/15 23:00,12.11,0,,,,
654,10/9/15 23:30,11.916,0,,,,
655,10/10/15 0:00,11.819,0,,,,
656,10/10/15 0:30,11.722,0,,,,
657,10/10/15 1:00,11.625,0,,,,
658,10/10/15 1:30,11.528,0,,,,
659,10/10/15 2:00,11.334,0,,,,
660,10/10/15 2:30,11.236,0,,,,
661,10/10/15 3:00,11.139,0,,,,
662,10/10/15 3:30,11.041,0,,,,
663,10/10/15 4:00,10.846,0,,,,
664,10/10/15 4:30,10.748,0,,,,
665,10/10/15 5:00,10.651,0,,,,
666,10/10/15 5:30,10.553,0,,,,
667,10/10/15 6:00,10.553,0,,,,
668,10/10/15 6:30,10.553,0,,,,
669,10/10/15 7:00,10.455,0,,,,
670,10/10/15 7:30,10.357,0,,,,
671,10/10/15 8:00,10.259,0,,,,
672,10/10/15 8:30,10.161,0,,,,
673,10/10/15 9:00,10.161,0,,,,
674,10/10/15 9:30,10.161,10.8,,,,
675,10/10/15 10:00,10.161,43.1,,,,
676,10/10/15 10:30,10.161,32.3,,,,
677,10/10/15 11:00,10.259,96.9,,,,
678,10/10/15 11:30,10.259,43.1,,,,
679,10/10/15 12:00,10.259,75.3,,,,
680,10/10/15 12:30,10.259,107.6,,,,
681,10/10/15 13:00,10.357,43.1,,,,
682,10/10/15 13:30,10.455,86.1,,,,
683,10/10/15 14:00,10.553,96.9,,,,
684,10/10/15 14:30,10.748,86.1,,,,
685,10/10/15 15:00,10.846,64.6,,,,
686,10/10/15 15:30,10.846,32.3,,,,
687,10/10/15 16:00,10.846,0,,,,
688,10/10/15 16:30,10.748,0,,,,
689,10/10/15 17:00,10.748,0,,,,
690,10/10/15 17:30,10.748,0,,,,
691,10/10/15 18:00,10.651,0,,,,
692,10/10/15 18:30,10.553,0,,,,
693,10/10/15 19:00,10.455,0,,,,
694,10/10/15 19:30,10.357,0,,,,
695,10/10/15 20:00,10.357,0,,,,
696,10/10/15 20:30,10.161,0,,,,
697,10/10/15 21:00,10.063,0,,,,
698,10/10/15 21:30,9.965,0,,,,
699,10/10/15 22:00,9.768,0,,,,
700,10/10/15 22:30,9.669,0,,,,
701,10/10/15 23:00,9.571,0,,,,
702,10/10/15 23:30,9.472,0,,,,
703,10/11/15 0:00,9.373,0,,,,
704,10/11/15 0:30,9.275,0,,,,
705,10/11/15 1:00,9.176,0,,,,
706,10/11/15 1:30,9.077,0,,,,
707,10/11/15 2:00,8.978,0,,,,
708,10/11/15 2:30,8.879,0,,,,
709,10/11/15 3:00,8.779,0,,,,
710,10/11/15 3:30,8.779,0,,,,
711,10/11/15 4:00,8.68,0,,,,
712,10/11/15 4:30,8.481,0,,,,
713,10/11/15 5:00,8.382,0,,,,
714,10/11/15 5:30,8.282,0,,,,
715,10/11/15 6:00,8.182,0,,,,
716,10/11/15 6:30,8.182,0,,,,
717,10/11/15 7:00,8.082,0,,,,
718,10/11/15 7:30,7.983,0,,,,
719,10/11/15 8:00,7.882,0,,,,
720,10/11/15 8:30,7.882,0,,,,
721,10/11/15 9:00,7.882,0,,,,
722,10/11/15 9:30,7.882,10.8,,,,
723,10/11/15 10:00,8.082,32.3,,,,
724,10/11/15 10:30,8.182,53.8,,,,
725,10/11/15 11:00,8.382,64.6,,,,
726,10/11/15 11:30,8.581,75.3,,,,
727,10/11/15 12:00,8.68,75.3,,,,
728,10/11/15 12:30,8.978,75.3,,,,
729,10/11/15 13:00,9.176,86.1,,,,
730,10/11/15 13:30,9.373,86.1,,,,
731,10/11/15 14:00,9.669,96.9,,,,
732,10/11/15 14:30,9.965,86.1,,,,
733,10/11/15 15:00,10.259,64.6,,,,
734,10/11/15 15:30,10.455,32.3,,,,
735,10/11/15 16:00,10.553,0,,,,
736,10/11/15 16:30,10.651,0,,,,
737,10/11/15 17:00,10.651,0,,,,
738,10/11/15 17:30,10.651,0,,,,
739,10/11/15 18:00,10.748,0,,,,
740,10/11/15 18:30,10.748,0,,,,
741,10/11/15 19:00,10.748,0,,,,
742,10/11/15 19:30,10.748,0,,,,
743,10/11/15 20:00,10.748,0,,,,
744,10/11/15 20:30,10.651,0,,,,
745,10/11/15 21:00,10.651,0,,,,
746,10/11/15 21:30,10.553,0,,,,
747,10/11/15 22:00,10.455,0,,,,
748,10/11/15 22:30,10.455,0,,,,
749,10/11/15 23:00,10.357,0,,,,
750,10/11/15 23:30,10.259,0,,,,
751,10/12/15 0:00,10.259,0,,,,
752,10/12/15 0:30,10.161,0,,,,
753,10/12/15 1:00,10.063,0,,,,
754,10/12/15 1:30,10.063,0,,,,
755,10/12/15 2:00,9.965,0,,,,
756,10/12/15 2:30,9.866,0,,,,
757,10/12/15 3:00,9.768,0,,,,
758,10/12/15 3:30,9.768,0,,,,
759,10/12/15 4:00,9.669,0,,,,
760,10/12/15 4:30,9.571,0,,,,
761,10/12/15 5:00,9.571,0,,,,
762,10/12/15 5:30,9.472,0,,,,
763,10/12/15 6:00,9.373,0,,,,
764,10/12/15 6:30,9.373,0,,,,
765,10/12/15 7:00,9.275,0,,,,
766,10/12/15 7:30,9.176,0,,,,
767,10/12/15 8:00,9.176,0,,,,
768,10/12/15 8:30,9.077,0,,,,
769,10/12/15 9:00,9.077,0,,,,
770,10/12/15 9:30,9.077,10.8,,,,
771,10/12/15 10:00,9.176,32.3,,,,
772,10/12/15 10:30,9.275,53.8,,,,
773,10/12/15 11:00,9.472,64.6,,,,
774,10/12/15 11:30,9.571,64.6,,,,
775,10/12/15 12:00,9.768,75.3,,,,
776,10/12/15 12:30,9.965,75.3,,,,
777,10/12/15 13:00,10.161,75.3,,,,
778,10/12/15 13:30,10.455,75.3,,,,
779,10/12/15 14:00,10.651,118.4,,,,
780,10/12/15 14:30,10.944,86.1,,,,
781,10/12/15 15:00,11.236,64.6,,,,
782,10/12/15 15:30,11.431,32.3,,,,
783,10/12/15 16:00,11.431,10.8,,,,
784,10/12/15 16:30,11.528,0,,,,
785,10/12/15 17:00,11.528,0,,,,
786,10/12/15 17:30,11.528,0,,,,
787,10/12/15 18:00,11.528,0,,,,
788,10/12/15 18:30,11.528,0,,,,
789,10/12/15 19:00,11.528,0,,,,
790,10/12/15 19:30,11.431,0,,,,
791,10/12/15 20:00,11.431,0,,,,
792,10/12/15 20:30,11.431,0,,,,
793,10/12/15 21:00,11.431,0,,,,
794,10/12/15 21:30,11.431,0,,,,
795,10/12/15 22:00,11.334,0,,,,
796,10/12/15 22:30,11.334,0,,,,
797,10/12/15 23:00,11.334,0,,,,
798,10/12/15 23:30,11.236,0,,,,
799,10/13/15 0:00,11.236,0,,,,
800,10/13/15 0:30,11.236,0,,,,
801,10/13/15 1:00,11.236,0,,,,
802,10/13/15 1:30,11.236,0,,,,
803,10/13/15 2:00,11.236,0,,,,
804,10/13/15 2:30,11.236,0,,,,
805,10/13/15 3:00,11.236,0,,,,
806,10/13/15 3:30,11.236,0,,,,
807,10/13/15 4:00,11.236,0,,,,
808,10/13/15 4:30,11.236,0,,,,
809,10/13/15 5:00,11.236,0,,,,
810,10/13/15 5:30,11.139,0,,,,
811,10/13/15 6:00,11.139,0,,,,
812,10/13/15 6:30,11.236,0,,,,
813,10/13/15 7:00,11.236,0,,,,
814,10/13/15 7:30,11.236,0,,,,
815,10/13/15 8:00,11.236,0,,,,
816,10/13/15 8:30,11.334,10.8,,,,
817,10/13/15 9:00,11.334,0,,,,
818,10/13/15 9:30,11.431,0,,,,
819,10/13/15 10:00,11.431,21.5,,,,
820,10/13/15 10:30,11.431,10.8,,,,
821,10/13/15 11:00,11.528,21.5,,,,
822,10/13/15 11:30,11.625,43.1,,,,
823,10/13/15 12:00,11.722,64.6,,,,
824,10/13/15 12:30,11.819,86.1,,,,
825,10/13/15 13:00,12.013,53.8,,,,
826,10/13/15 13:30,12.013,43.1,,,,
827,10/13/15 14:00,12.013,0,,,,
828,10/13/15 14:30,12.11,21.5,,,,
829,10/13/15 15:00,12.11,10.8,,,,
830,10/13/15 15:30,12.207,21.5,,,,
831,10/13/15 16:00,12.207,43.1,,,,
832,10/13/15 16:30,12.304,10.8,,,,
833,10/13/15 17:00,12.207,0,,,,
834,10/13/15 17:30,12.207,10.8,,,,
835,10/13/15 18:00,12.207,0,,,,
836,10/13/15 18:30,12.11,0,,,,
837,10/13/15 19:00,12.11,0,,,,
838,10/13/15 19:30,12.11,0,,,,
839,10/13/15 20:00,12.013,0,,,,
840,10/13/15 20:30,11.916,0,,,,
841,10/13/15 21:00,11.916,0,,,,
842,10/13/15 21:30,11.916,0,,,,
843,10/13/15 22:00,11.819,0,,,,
844,10/13/15 22:30,11.819,0,,,,
845,10/13/15 23:00,11.819,0,,,,
846,10/13/15 23:30,11.722,0,,,,
847,10/14/15 0:00,11.722,0,,,,
848,10/14/15 0:30,11.722,0,,,,
849,10/14/15 1:00,11.722,0,,,,
850,10/14/15 1:30,11.722,0,,,,
851,10/14/15 2:00,11.722,0,,,,
852,10/14/15 2:30,11.625,0,,,,
853,10/14/15 3:00,11.625,0,,,,
854,10/14/15 3:30,11.625,0,,,,
855,10/14/15 4:00,11.625,0,,,,
856,10/14/15 4:30,11.625,0,,,,
857,10/14/15 5:00,11.528,0,,,,
858,10/14/15 5:30,11.528,0,,,,
859,10/14/15 6:00,11.528,0,,,,
860,10/14/15 6:30,11.528,0,,,,
861,10/14/15 7:00,11.528,0,,,,
862,10/14/15 7:30,11.431,0,,,,
863,10/14/15 8:00,11.431,0,,,,
864,10/14/15 8:30,11.334,10.8,,,,
865,10/14/15 9:00,11.334,32.3,,,,
866,10/14/15 9:30,11.334,53.8,,,,
867,10/14/15 10:00,11.334,53.8,,,,
868,10/14/15 10:30,11.334,86.1,,,,
869,10/14/15 11:00,11.431,53.8,,,,
870,10/14/15 11:30,11.334,64.6,,,,
871,10/14/15 12:00,11.431,75.3,,,,
872,10/14/15 12:30,11.431,150.7,,,,
873,10/14/15 13:00,11.528,172.2,,,,
874,10/14/15 13:30,11.528,107.6,,,,
875,10/14/15 14:00,11.528,139.9,,,,
876,10/14/15 14:30,11.625,86.1,,,,
877,10/14/15 15:00,11.528,86.1,,,,
878,10/14/15 15:30,11.528,32.3,,,,
879,10/14/15 16:00,11.528,10.8,,,,
880,10/14/15 16:30,11.431,64.6,,,,
881,10/14/15 17:00,11.431,32.3,,,,
882,10/14/15 17:30,11.334,10.8,,,,
883,10/14/15 18:00,11.236,0,,,,
884,10/14/15 18:30,11.139,0,,,,
885,10/14/15 19:00,11.041,0,,,,
886,10/14/15 19:30,10.944,0,,,,
887,10/14/15 20:00,10.846,0,,,,
888,10/14/15 20:30,10.748,0,,,,
889,10/14/15 21:00,10.748,0,,,,
890,10/14/15 21:30,10.651,0,,,,
891,10/14/15 22:00,10.651,0,,,,
892,10/14/15 22:30,10.553,0,,,,
893,10/14/15 23:00,10.553,0,,,,
894,10/14/15 23:30,10.455,0,,,,
895,10/15/15 0:00,10.357,0,,,,
896,10/15/15 0:30,10.259,0,,,,
897,10/15/15 1:00,10.063,0,,,,
898,10/15/15 1:30,9.965,0,,,,
899,10/15/15 2:00,9.866,0,,,,
900,10/15/15 2:30,9.768,0,,,,
901,10/15/15 3:00,9.669,0,,,,
902,10/15/15 3:30,9.669,0,,,,
903,10/15/15 4:00,9.571,0,,,,
904,10/15/15 4:30,9.571,0,,,,
905,10/15/15 5:00,9.571,0,,,,
906,10/15/15 5:30,9.472,0,,,,
907,10/15/15 6:00,9.373,0,,,,
908,10/15/15 6:30,9.275,0,,,,
909,10/15/15 7:00,9.275,0,,,,
910,10/15/15 7:30,9.176,0,,,,
911,10/15/15 8:00,9.176,0,,,,
912,10/15/15 8:30,9.176,10.8,,,,
913,10/15/15 9:00,9.176,21.5,,,,
914,10/15/15 9:30,9.275,53.8,,,,
915,10/15/15 10:00,9.275,43.1,,,,
916,10/15/15 10:30,9.275,64.6,,,,
917,10/15/15 11:00,9.373,86.1,,,,
918,10/15/15 11:30,9.472,86.1,,,,
919,10/15/15 12:00,9.571,86.1,,,,
920,10/15/15 12:30,9.669,139.9,,,,
921,10/15/15 13:00,9.768,96.9,,,,
922,10/15/15 13:30,9.866,86.1,,,,
923,10/15/15 14:00,10.063,107.6,,,,
924,10/15/15 14:30,10.259,118.4,,,,
925,10/15/15 15:00,10.455,64.6,,,,
926,10/15/15 15:30,10.651,75.3,,,,
927,10/15/15 16:00,10.748,32.3,,,,
928,10/15/15 16:30,10.748,10.8,,,,
929,10/15/15 17:00,10.748,0,,,,
930,10/15/15 17:30,10.748,0,,,,
931,10/15/15 18:00,10.651,0,,,,
932,10/15/15 18:30,10.651,0,,,,
933,10/15/15 19:00,10.553,0,,,,
934,10/15/15 19:30,10.553,0,,,,
935,10/15/15 20:00,10.455,0,,,,
936,10/15/15 20:30,10.455,0,,,,
937,10/15/15 21:00,10.455,0,,,,
938,10/15/15 21:30,10.455,0,,,,
939,10/15/15 22:00,10.455,0,,,,
940,10/15/15 22:30,10.455,0,,,,
941,10/15/15 23:00,10.357,0,,,,
942,10/15/15 23:30,10.357,0,,,,
943,10/16/15 0:00,10.259,0,,,,
944,10/16/15 0:30,10.259,0,,,,
945,10/16/15 1:00,10.259,0,,,,
946,10/16/15 1:30,10.161,0,,,,
947,10/16/15 2:00,10.161,0,,,,
948,10/16/15 2:30,10.161,0,,,,
949,10/16/15 3:00,10.161,0,,,,
950,10/16/15 3:30,10.063,0,,,,
951,10/16/15 4:00,10.063,0,,,,
952,10/16/15 4:30,10.063,0,,,,
953,10/16/15 5:00,9.965,0,,,,
954,10/16/15 5:30,9.965,0,,,,
955,10/16/15 6:00,9.866,0,,,,
956,10/16/15 6:30,9.866,0,,,,
957,10/16/15 7:00,9.866,0,,,,
958,10/16/15 7:30,9.768,0,,,,
959,10/16/15 8:00,9.768,0,,,,
960,10/16/15 8:30,9.768,21.5,,,,
961,10/16/15 9:00,9.768,32.3,,,,
962,10/16/15 9:30,9.768,32.3,,,,
963,10/16/15 10:00,9.768,43.1,,,,
964,10/16/15 10:30,9.866,53.8,,,,
965,10/16/15 11:00,9.866,118.4,,,,
966,10/16/15 11:30,9.965,129.2,,,,
967,10/16/15 12:00,9.965,118.4,,,,
968,10/16/15 12:30,10.063,161.5,,,,
969,10/16/15 13:00,10.161,204.5,,,,
970,10/16/15 13:30,10.161,75.3,,,,
971,10/16/15 14:00,10.259,96.9,,,,
972,10/16/15 14:30,10.259,64.6,,,,
973,10/16/15 15:00,10.357,53.8,,,,
974,10/16/15 15:30,10.455,64.6,,,,
975,10/16/15 16:00,10.455,43.1,,,,
976,10/16/15 16:30,10.455,0,,,,
977,10/16/15 17:00,10.357,21.5,,,,
978,10/16/15 17:30,10.259,0,,,,
979,10/16/15 18:00,10.161,0,,,,
980,10/16/15 18:30,10.063,0,,,,
981,10/16/15 19:00,9.965,0,,,,
982,10/16/15 19:30,9.866,0,,,,
983,10/16/15 20:00,9.768,0,,,,
984,10/16/15 20:30,9.768,0,,,,
985,10/16/15 21:00,9.669,0,,,,
986,10/16/15 21:30,9.669,0,,,,
987,10/16/15 22:00,9.571,0,,,,
988,10/16/15 22:30,9.571,0,,,,
989,10/16/15 23:00,9.472,0,,,,
990,10/16/15 23:30,9.472,0,,,,
991,10/17/15 0:00,9.373,0,,,,
992,10/17/15 0:30,9.275,0,,,,
993,10/17/15 1:00,9.275,0,,,,
994,10/17/15 1:30,9.176,0,,,,
995,10/17/15 2:00,9.077,0,,,,
996,10/17/15 2:30,8.978,0,,,,
997,10/17/15 3:00,8.879,0,,,,
998,10/17/15 3:30,8.68,0,,,,
999,10/17/15 4:00,8.581,0,,,,
1000,10/17/15 4:30,8.481,0,,,,
1001,10/17/15 5:00,8.382,0,,,,
1002,10/17/15 5:30,8.382,0,,,,
1003,10/17/15 6:00,8.282,0,,,,
1004,10/17/15 6:30,7.983,0,,,,
1005,10/17/15 7:00,7.582,0,,,,
1006,10/17/15 7:30,7.582,0,,,,
1007,10/17/15 8:00,7.582,0,,,,
1008,10/17/15 8:30,7.481,10.8,,,,
1009,10/17/15 9:00,7.481,32.3,,,,
1010,10/17/15 9:30,7.481,43.1,,,,
1011,10/17/15 10:00,7.481,64.6,,,,
1012,10/17/15 10:30,7.481,32.3,,,,
1013,10/17/15 11:00,7.481,129.2,,,,
1014,10/17/15 11:30,7.481,86.1,,,,
1015,10/17/15 12:00,7.481,53.8,,,,
1016,10/17/15 12:30,7.481,139.9,,,,
1017,10/17/15 13:00,7.481,139.9,,,,
1018,10/17/15 13:30,7.481,118.4,,,,
1019,10/17/15 14:00,7.481,64.6,,,,
1020,10/17/15 14:30,7.582,193.8,,,,
1021,10/17/15 15:00,7.582,86.1,,,,
1022,10/17/15 15:30,7.582,75.3,,,,
1023,10/17/15 16:00,7.582,64.6,,,,
1024,10/17/15 16:30,7.481,32.3,,,,
1025,10/17/15 17:00,7.381,32.3,,,,
1026,10/17/15 17:30,7.381,21.5,,,,
1027,10/17/15 18:00,7.28,0,,,,
1028,10/17/15 18:30,7.179,0,,,,
1029,10/17/15 19:00,7.079,0,,,,
1030,10/17/15 19:30,6.978,0,,,,
1031,10/17/15 20:00,6.877,0,,,,
1032,10/17/15 20:30,6.775,0,,,,
1033,10/17/15 21:00,6.573,0,,,,
1034,10/17/15 21:30,6.471,0,,,,
1035,10/17/15 22:00,6.471,0,,,,
1036,10/17/15 22:30,6.37,0,,,,
1037,10/17/15 23:00,6.37,0,,,,
1038,10/17/15 23:30,6.268,0,,,,
1039,10/18/15 0:00,6.166,0,,,,
1040,10/18/15 0:30,6.166,0,,,,
1041,10/18/15 1:00,6.166,0,,,,
1042,10/18/15 1:30,6.064,0,,,,
1043,10/18/15 2:00,6.064,0,,,,
1044,10/18/15 2:30,5.962,0,,,,
1045,10/18/15 3:00,5.86,0,,,,
1046,10/18/15 3:30,5.757,0,,,,
1047,10/18/15 4:00,5.86,0,,,,
1048,10/18/15 4:30,5.86,0,,,,
1049,10/18/15 5:00,5.757,0,,,,
1050,10/18/15 5:30,5.757,0,,,,
1051,10/18/15 6:00,5.757,0,,,,
1052,10/18/15 6:30,5.655,0,,,,
1053,10/18/15 7:00,5.655,0,,,,
1054,10/18/15 7:30,5.552,0,,,,
1055,10/18/15 8:00,5.45,0,,,,
1056,10/18/15 8:30,5.45,0,,,,
1057,10/18/15 9:00,5.45,53.8,,,,
1058,10/18/15 9:30,5.45,75.3,,,,
1059,10/18/15 10:00,5.552,10.8,,,,
1060,10/18/15 10:30,5.45,10.8,,,,
1061,10/18/15 11:00,5.347,139.9,,,,
1062,10/18/15 11:30,5.552,129.2,,,,
1063,10/18/15 12:00,5.655,172.2,,,,
1064,10/18/15 12:30,5.757,150.7,,,,
1065,10/18/15 13:00,5.757,86.1,,,,
1066,10/18/15 13:30,5.86,107.6,,,,
1067,10/18/15 14:00,5.86,161.5,,,,
1068,10/18/15 14:30,5.962,118.4,,,,
1069,10/18/15 15:00,5.962,107.6,,,,
1070,10/18/15 15:30,5.962,86.1,,,,
1071,10/18/15 16:00,5.86,21.5,,,,
1072,10/18/15 16:30,5.962,129.2,,,,
1073,10/18/15 17:00,5.962,64.6,,,,
1074,10/18/15 17:30,5.86,10.8,,,,
1075,10/18/15 18:00,5.86,0,,,,
1076,10/18/15 18:30,5.757,0,,,,
1077,10/18/15 19:00,5.655,0,,,,
1078,10/18/15 19:30,5.552,0,,,,
1079,10/18/15 20:00,5.45,0,,,,
1080,10/18/15 20:30,5.347,0,,,,
1081,10/18/15 21:00,5.347,0,,,,
1082,10/18/15 21:30,5.244,0,,,,
1083,10/18/15 22:00,5.141,0,,,,
1084,10/18/15 22:30,5.037,0,,,,
1085,10/18/15 23:00,5.037,0,,,,
1086,10/18/15 23:30,5.037,0,,,,
1087,10/19/15 0:00,4.934,0,,,,
1088,10/19/15 0:30,4.934,0,,,,
1089,10/19/15 1:00,4.934,0,,,,
1090,10/19/15 1:30,4.934,0,,,,
1091,10/19/15 2:00,4.934,0,,,,
1092,10/19/15 2:30,4.934,0,,,,
1093,10/19/15 3:00,4.934,0,,,,
1094,10/19/15 3:30,4.831,0,,,,
1095,10/19/15 4:00,4.831,0,,,,
1096,10/19/15 4:30,4.727,0,,,,
1097,10/19/15 5:00,4.727,0,,,,
1098,10/19/15 5:30,4.623,0,,,,
1099,10/19/15 6:00,4.519,0,,,,
1100,10/19/15 6:30,4.415,0,,,,
1101,10/19/15 7:00,4.415,0,,,,
1102,10/19/15 7:30,4.311,0,,,,
1103,10/19/15 8:00,4.207,0,,,,
1104,10/19/15 8:30,4.207,0,,,,
1105,10/19/15 9:00,4.102,10.8,,,,
1106,10/19/15 9:30,4.102,21.5,,,,
1107,10/19/15 10:00,4.207,43.1,,,,
1108,10/19/15 10:30,4.311,53.8,,,,
1109,10/19/15 11:00,4.415,64.6,,,,
1110,10/19/15 11:30,4.519,64.6,,,,
1111,10/19/15 12:00,4.623,75.3,,,,
1112,10/19/15 12:30,4.727,75.3,,,,
1113,10/19/15 13:00,4.831,75.3,,,,
1114,10/19/15 13:30,5.037,75.3,,,,
1115,10/19/15 14:00,5.244,129.2,,,,
1116,10/19/15 14:30,5.45,86.1,,,,
1117,10/19/15 15:00,5.757,32.3,,,,
1118,10/19/15 15:30,5.86,21.5,,,,
1119,10/19/15 16:00,5.962,0,,,,
1120,10/19/15 16:30,6.064,0,,,,
1121,10/19/15 17:00,6.064,0,,,,
1122,10/19/15 17:30,6.064,10.8,,,,
1123,10/19/15 18:00,6.166,0,,,,
1124,10/19/15 18:30,6.166,0,,,,
1125,10/19/15 19:00,6.166,0,,,,
1126,10/19/15 19:30,6.166,0,,,,
1127,10/19/15 20:00,6.166,0,,,,
1128,10/19/15 20:30,6.268,0,,,,
1129,10/19/15 21:00,6.268,0,,,,
1130,10/19/15 21:30,6.268,0,,,,
1131,10/19/15 22:00,6.37,0,,,,
1132,10/19/15 22:30,6.37,0,,,,
1133,10/19/15 23:00,6.37,0,,,,
1134,10/19/15 23:30,6.471,0,,,,
1135,10/20/15 0:00,6.471,0,,,,
1136,10/20/15 0:30,6.573,0,,,,
1137,10/20/15 1:00,6.573,0,,,,
1138,10/20/15 1:30,6.573,0,,,,
1139,10/20/15 2:00,6.573,0,,,,
1140,10/20/15 2:30,6.573,0,,,,
1141,10/20/15 3:00,6.573,0,,,,
1142,10/20/15 3:30,6.573,0,,,,
1143,10/20/15 4:00,6.573,0,,,,
1144,10/20/15 4:30,6.573,0,,,,
1145,10/20/15 5:00,6.573,0,,,,
1146,10/20/15 5:30,6.573,0,,,,
1147,10/20/15 6:00,6.573,0,,,,
1148,10/20/15 6:30,6.573,0,,,,
1149,10/20/15 7:00,6.573,0,,,,
1150,10/20/15 7:30,6.573,0,,,,
1151,10/20/15 8:00,6.674,0,,,,
1152,10/20/15 8:30,6.674,10.8,,,,
1153,10/20/15 9:00,6.775,21.5,,,,
1154,10/20/15 9:30,6.877,32.3,,,,
1155,10/20/15 10:00,6.978,32.3,,,,
1156,10/20/15 10:30,7.079,107.6,,,,
1157,10/20/15 11:00,7.179,43.1,,,,
1158,10/20/15 11:30,7.381,96.9,,,,
1159,10/20/15 12:00,7.582,118.4,,,,
1160,10/20/15 12:30,7.882,139.9,,,,
1161,10/20/15 13:00,8.082,161.5,,,,
1162,10/20/15 13:30,8.182,107.6,,,,
1163,10/20/15 14:00,8.382,107.6,,,,
1164,10/20/15 14:30,8.481,139.9,,,,
1165,10/20/15 15:00,8.581,43.1,,,,
1166,10/20/15 15:30,8.68,32.3,,,,
1167,10/20/15 16:00,8.779,75.3,,,,
1168,10/20/15 16:30,8.879,75.3,,,,
1169,10/20/15 17:00,8.978,21.5,,,,
1170,10/20/15 17:30,8.978,0,,,,
1171,10/20/15 18:00,8.978,0,,,,
1172,10/20/15 18:30,8.978,0,,,,
1173,10/20/15 19:00,8.978,0,,,,
1174,10/20/15 19:30,9.077,0,,,,
1175,10/20/15 20:00,9.077,0,,,,
1176,10/20/15 20:30,9.077,0,,,,
1177,10/20/15 21:00,9.077,0,,,,
1178,10/20/15 21:30,9.077,0,,,,
1179,10/20/15 22:00,9.077,0,,,,
1180,10/20/15 22:30,9.077,0,,,,
1181,10/20/15 23:00,9.077,0,,,,
1182,10/20/15 23:30,9.077,0,,,,
1183,10/21/15 0:00,9.077,0,,,,
1184,10/21/15 0:30,9.176,0,,,,
1185,10/21/15 1:00,9.176,0,,,,
1186,10/21/15 1:30,9.176,0,,,,
1187,10/21/15 2:00,9.176,0,,,,
1188,10/21/15 2:30,9.176,0,,,,
1189,10/21/15 3:00,9.176,0,,,,
1190,10/21/15 3:30,9.176,0,,,,
1191,10/21/15 4:00,9.176,0,,,,
1192,10/21/15 4:30,9.176,0,,,,
1193,10/21/15 5:00,9.176,0,,,,
1194,10/21/15 5:30,9.176,0,,,,
1195,10/21/15 6:00,9.176,0,,,,
1196,10/21/15 6:30,9.176,0,,,,
1197,10/21/15 7:00,9.176,0,,,,
1198,10/21/15 7:30,9.176,0,,,,
1199,10/21/15 8:00,9.176,0,,,,
1200,10/21/15 8:30,9.176,0,,,,
1201,10/21/15 9:00,9.176,21.5,,,,
1202,10/21/15 9:30,9.275,32.3,,,,
1203,10/21/15 10:00,9.373,75.3,,,,
1204,10/21/15 10:30,9.472,53.8,,,,
1205,10/21/15 11:00,9.472,75.3,,,,
1206,10/21/15 11:30,9.571,43.1,,,,
1207,10/21/15 12:00,9.669,43.1,,,,
1208,10/21/15 12:30,9.768,118.4,,,,
1209,10/21/15 13:00,9.866,118.4,,,,
1210,10/21/15 13:30,10.063,150.7,,,,
1211,10/21/15 14:00,10.161,118.4,,,,
1212,10/21/15 14:30,10.259,118.4,,,,
1213,10/21/15 15:00,10.357,86.1,,,,
1214,10/21/15 15:30,10.455,86.1,,,,
1215,10/21/15 16:00,10.455,43.1,,,,
1216,10/21/15 16:30,10.455,32.3,,,,
1217,10/21/15 17:00,10.455,21.5,,,,
1218,10/21/15 17:30,10.455,0,,,,
1219,10/21/15 18:00,10.455,0,,,,
1220,10/21/15 18:30,10.455,0,,,,
1221,10/21/15 19:00,10.455,0,,,,
1222,10/21/15 19:30,10.357,0,,,,
1223,10/21/15 20:00,10.357,0,,,,
1224,10/21/15 20:30,10.357,0,,,,
1225,10/21/15 21:00,10.357,0,,,,
1226,10/21/15 21:30,10.259,0,,,,
1227,10/21/15 22:00,10.259,0,,,,
1228,10/21/15 22:30,10.161,0,,,,
1229,10/21/15 23:00,10.063,0,,,,
1230,10/21/15 23:30,10.063,0,,,,
1231,10/22/15 0:00,10.063,0,,,,
1232,10/22/15 0:30,9.965,0,,,,
1233,10/22/15 1:00,9.965,0,,,,
1234,10/22/15 1:30,9.965,0,,,,
1235,10/22/15 2:00,9.965,0,,,,
1236,10/22/15 2:30,9.965,0,,,,
1237,10/22/15 3:00,9.965,0,,,,
1238,10/22/15 3:30,9.965,0,,,,
1239,10/22/15 4:00,10.063,0,,,,
1240,10/22/15 4:30,10.063,0,,,,
1241,10/22/15 5:00,10.063,0,,,,
1242,10/22/15 5:30,10.063,0,,,,
1243,10/22/15 6:00,10.063,0,,,,
1244,10/22/15 6:30,10.063,0,,,,
1245,10/22/15 7:00,10.063,0,,,,
1246,10/22/15 7:30,10.063,0,,,,
1247,10/22/15 8:00,10.063,0,,,,
1248,10/22/15 8:30,10.063,10.8,,,,
1249,10/22/15 9:00,10.063,32.3,,,,
1250,10/22/15 9:30,10.161,43.1,,,,
1251,10/22/15 10:00,10.259,32.3,,,,
1252,10/22/15 10:30,10.357,75.3,,,,
1253,10/22/15 11:00,10.455,75.3,,,,
1254,10/22/15 11:30,10.553,53.8,,,,
1255,10/22/15 12:00,10.651,53.8,,,,
1256,10/22/15 12:30,10.748,32.3,,,,
1257,10/22/15 13:00,10.846,64.6,,,,
1258,10/22/15 13:30,10.944,75.3,,,,
1259,10/22/15 14:00,11.041,32.3,,,,
1260,10/22/15 14:30,11.041,32.3,,,,
1261,10/22/15 15:00,11.041,64.6,,,,
1262,10/22/15 15:30,11.139,21.5,,,,
1263,10/22/15 16:00,11.236,43.1,,,,
1264,10/22/15 16:30,11.236,43.1,,,,
1265,10/22/15 17:00,11.236,32.3,,,,
1266,10/22/15 17:30,11.236,0,,,,
1267,10/22/15 18:00,11.236,0,,,,
1268,10/22/15 18:30,11.139,0,,,,
1269,10/22/15 19:00,11.139,0,,,,
1270,10/22/15 19:30,11.041,0,,,,
1271,10/22/15 20:00,10.944,0,,,,
1272,10/22/15 20:30,10.846,0,,,,
1273,10/22/15 21:00,10.846,0,,,,
1274,10/22/15 21:30,10.748,0,,,,
1275,10/22/15 22:00,10.651,0,,,,
1276,10/22/15 22:30,10.455,0,,,,
1277,10/22/15 23:00,10.357,0,,,,
1278,10/22/15 23:30,10.357,0,,,,
1279,10/23/15 0:00,10.259,0,,,,
1280,10/23/15 0:30,10.161,0,,,,
1281,10/23/15 1:00,10.063,0,,,,
1282,10/23/15 1:30,10.063,0,,,,
1283,10/23/15 2:00,9.965,0,,,,
1284,10/23/15 2:30,9.965,0,,,,
1285,10/23/15 3:00,9.866,0,,,,
1286,10/23/15 3:30,9.768,0,,,,
1287,10/23/15 4:00,9.669,0,,,,
1288,10/23/15 4:30,9.571,0,,,,
1289,10/23/15 5:00,9.472,0,,,,
1290,10/23/15 5:30,9.275,0,,,,
1291,10/23/15 6:00,9.077,0,,,,
1292,10/23/15 6:30,8.978,0,,,,
1293,10/23/15 7:00,8.779,0,,,,
1294,10/23/15 7:30,8.581,0,,,,
1295,10/23/15 8:00,8.481,0,,,,
1296,10/23/15 8:30,8.382,0,,,,
1297,10/23/15 9:00,8.282,10.8,,,,
1298,10/23/15 9:30,8.282,43.1,,,,
1299,10/23/15 10:00,8.282,53.8,,,,
1300,10/23/15 10:30,8.382,86.1,,,,
1301,10/23/15 11:00,8.382,53.8,,,,
1302,10/23/15 11:30,8.382,64.6,,,,
1303,10/23/15 12:00,8.282,64.6,,,,
1304,10/23/15 12:30,8.182,64.6,,,,
1305,10/23/15 13:00,8.182,64.6,,,,
1306,10/23/15 13:30,8.282,64.6,,,,
1307,10/23/15 14:00,8.282,64.6,,,,
1308,10/23/15 14:30,8.382,53.8,,,,
1309,10/23/15 15:00,8.581,32.3,,,,
1310,10/23/15 15:30,8.581,10.8,,,,
1311,10/23/15 16:00,8.581,0,,,,
1312,10/23/15 16:30,8.581,0,,,,
1313,10/23/15 17:00,8.481,0,,,,
1314,10/23/15 17:30,8.481,0,,,,
1315,10/23/15 18:00,8.382,0,,,,
1316,10/23/15 18:30,8.282,0,,,,
1317,10/23/15 19:00,8.182,0,,,,
1318,10/23/15 19:30,8.082,0,,,,
1319,10/23/15 20:00,7.882,0,,,,
1320,10/23/15 20:30,7.782,0,,,,
1321,10/23/15 21:00,7.582,0,,,,
1322,10/23/15 21:30,7.481,0,,,,
1323,10/23/15 22:00,7.381,0,,,,
1324,10/23/15 22:30,7.179,0,,,,
1325,10/23/15 23:00,7.179,0,,,,
1326,10/23/15 23:30,6.978,0,,,,
1327,10/24/15 0:00,6.877,0,,,,
1328,10/24/15 0:30,6.775,0,,,,
1329,10/24/15 1:00,6.775,0,,,,
1330,10/24/15 1:30,6.674,0,,,,
1331,10/24/15 2:00,6.573,0,,,,
1332,10/24/15 2:30,6.573,0,,,,
1333,10/24/15 3:00,6.573,0,,,,
1334,10/24/15 3:30,6.573,0,,,,
1335,10/24/15 4:00,6.471,0,,,,
1336,10/24/15 4:30,6.471,0,,,,
1337,10/24/15 5:00,6.471,0,,,,
1338,10/24/15 5:30,6.471,0,,,,
1339,10/24/15 6:00,6.471,0,,,,
1340,10/24/15 6:30,6.471,0,,,,
1341,10/24/15 7:00,6.37,0,,,,
1342,10/24/15 7:30,6.37,0,,,,
1343,10/24/15 8:00,6.37,0,,,,
1344,10/24/15 8:30,6.37,0,,,,
1345,10/24/15 9:00,6.37,10.8,,,,
1346,10/24/15 9:30,6.37,32.3,,,,
1347,10/24/15 10:00,6.37,32.3,,,,
1348,10/24/15 10:30,6.471,43.1,,,,
1349,10/24/15 11:00,6.471,53.8,,,,
1350,10/24/15 11:30,6.573,53.8,,,,
1351,10/24/15 12:00,6.674,43.1,,,,
1352,10/24/15 12:30,6.674,32.3,,,,
1353,10/24/15 13:00,6.775,75.3,,,,
1354,10/24/15 13:30,6.877,107.6,,,,
1355,10/24/15 14:00,6.978,86.1,,,,
1356,10/24/15 14:30,7.079,21.5,,,,
1357,10/24/15 15:00,7.079,21.5,,,,
1358,10/24/15 15:30,7.079,10.8,,,,
1359,10/24/15 16:00,7.179,21.5,,,,
1360,10/24/15 16:30,7.179,10.8,,,,
1361,10/24/15 17:00,7.179,0,,,,
1362,10/24/15 17:30,7.28,0,,,,
1363,10/24/15 18:00,7.28,0,,,,
1364,10/24/15 18:30,7.28,0,,,,
1365,10/24/15 19:00,7.381,0,,,,
1366,10/24/15 19:30,7.381,0,,,,
1367,10/24/15 20:00,7.481,0,,,,
1368,10/24/15 20:30,7.481,0,,,,
1369,10/24/15 21:00,7.481,0,,,,
1370,10/24/15 21:30,7.481,0,,,,
1371,10/24/15 22:00,7.582,0,,,,
1372,10/24/15 22:30,7.582,0,,,,
1373,10/24/15 23:00,7.682,0,,,,
1374,10/24/15 23:30,7.682,0,,,,
1375,10/25/15 0:00,7.682,0,,,,
1376,10/25/15 0:30,7.782,0,,,,
1377,10/25/15 1:00,7.782,0,,,,
1378,10/25/15 1:30,7.782,0,,,,
1379,10/25/15 2:00,7.882,0,,,,
1380,10/25/15 2:30,7.882,0,,,,
1381,10/25/15 3:00,7.983,0,,,,
1382,10/25/15 3:30,7.983,0,,,,
1383,10/25/15 4:00,8.082,0,,,,
1384,10/25/15 4:30,8.082,0,,,,
1385,10/25/15 5:00,8.182,0,,,,
1386,10/25/15 5:30,8.182,0,,,,
1387,10/25/15 6:00,8.282,0,,,,
1388,10/25/15 6:30,8.282,0,,,,
1389,10/25/15 7:00,8.282,0,,,,
1390,10/25/15 7:30,8.382,0,,,,
1391,10/25/15 8:00,8.382,0,,,,
1392,10/25/15 8:30,8.382,0,,,,
1393,10/25/15 9:00,8.481,0,,,,
1394,10/25/15 9:30,8.581,0,,,,
1395,10/25/15 10:00,8.581,10.8,,,,
1396,10/25/15 10:30,8.68,10.8,,,,
1397,10/25/15 11:00,8.68,21.5,,,,
1398,10/25/15 11:30,8.779,53.8,,,,
1399,10/25/15 12:00,8.779,86.1,,,,
1400,10/25/15 12:30,8.879,53.8,,,,
1401,10/25/15 13:00,8.879,43.1,,,,
1402,10/25/15 13:30,9.373,0,,,,
1403,10/25/15 14:00,9.275,0,,,,
1404,10/25/15 14:30,10.357,0,,,,
1405,10/25/15 15:00,11.334,0,,,,
1406,10/25/15 15:30,12.11,0,,,,
1407,10/25/15 16:00,14.804,150.7,,,,
1408,10/25/15 16:30,20.329,32.3,,,,
1409,10/25/15 17:00,21.187,10.8,,,,
1410,10/25/15 17:30,21.473,21.5,,,,
1411,10/25/15 18:00,21.569,0,,,,
1412,10/25/15 18:30,21.569,0,,,,
1413,10/25/15 19:00,21.569,0,,,,
1414,10/25/15 19:30,21.569,0,,,,
1415,10/25/15 20:00,21.569,0,,,,
1416,10/25/15 20:30,21.569,0,,,,
1417,10/25/15 21:00,21.569,0,,,,
1418,10/25/15 21:30,21.569,0,,,,
1419,10/25/15 22:00,21.569,0,,,,
1420,10/25/15 22:30,21.473,0,,,,
1421,10/25/15 23:00,21.473,0,,,,
1422,10/25/15 23:30,21.473,0,,,,
1423,10/26/15 0:00,21.378,0,,,,
1424,10/26/15 0:30,21.378,0,,,,
1425,10/26/15 1:00,21.378,0,,,,
1426,10/26/15 1:30,21.378,0,,,,
1427,10/26/15 2:00,21.378,0,,,,
1428,10/26/15 2:30,21.378,0,,,,
1429,10/26/15 3:00,21.282,0,,,,
1430,10/26/15 3:30,21.282,0,,,,
1431,10/26/15 4:00,21.282,0,,,,
1432,10/26/15 4:30,21.282,0,,,,
1433,10/26/15 5:00,21.187,0,,,,
1434,10/26/15 5:30,21.187,0,,,,
1435,10/26/15 6:00,21.187,0,,,,
1436,10/26/15 6:30,21.091,0,,,,
1437,10/26/15 7:00,21.091,0,,,,
1438,10/26/15 7:30,21.091,0,,,,
1439,10/26/15 8:00,21.091,0,,,,
1440,10/26/15 8:30,21.091,118.4,,,,
1441,10/26/15 9:00,21.378,21.5,,,,
1442,10/26/15 9:30,21.282,53.8,,,,
1443,10/26/15 10:00,21.282,53.8,,,,
1444,10/26/15 10:30,21.282,161.5,,,,
1445,10/26/15 11:00,21.76,172.2,,,,
1446,10/26/15 11:30,22.046,172.2,,,,
1447,10/26/15 12:00,22.333,161.5,,,,
1448,10/26/15 12:30,22.238,75.3,,,,
1449,10/26/15 13:00,21.951,75.3,,,,
1450,10/26/15 13:30,21.855,75.3,,,,
1451,10/26/15 14:00,22.238,161.5,,,,
1452,10/26/15 14:30,22.621,172.2,,,,
1453,10/26/15 15:00,22.525,161.5,,,,
1454,10/26/15 15:30,22.621,172.2,,,,
1455,10/26/15 16:00,22.908,161.5,,,,
1456,10/26/15 16:30,22.621,10.8,,,,
1457,10/26/15 17:00,22.333,10.8,,,,
1458,10/26/15 17:30,22.142,0,,,,
1459,10/26/15 18:00,21.951,0,,,,
1460,10/26/15 18:30,21.855,0,,,,
1461,10/26/15 19:00,21.76,0,,,,
1462,10/26/15 19:30,21.664,0,,,,
1463,10/26/15 20:00,21.664,0,,,,
1464,10/26/15 20:30,21.569,0,,,,
1465,10/26/15 21:00,21.473,0,,,,
1466,10/26/15 21:30,21.378,0,,,,
1467,10/26/15 22:00,21.378,0,,,,
1468,10/26/15 22:30,21.282,0,,,,
1469,10/26/15 23:00,21.282,0,,,,
1470,10/26/15 23:30,21.187,0,,,,
1471,10/27/15 0:00,21.187,0,,,,
1472,10/27/15 0:30,21.187,0,,,,
1473,10/27/15 1:00,21.187,0,,,,
1474,10/27/15 1:30,21.187,0,,,,
1475,10/27/15 2:00,21.091,0,,,,
1476,10/27/15 2:30,21.091,0,,,,
1477,10/27/15 3:00,21.091,0,,,,
1478,10/27/15 3:30,20.996,0,,,,
1479,10/27/15 4:00,20.996,0,,,,
1480,10/27/15 4:30,20.996,0,,,,
1481,10/27/15 5:00,20.901,0,,,,
1482,10/27/15 5:30,20.901,0,,,,
1483,10/27/15 6:00,20.901,0,,,,
1484,10/27/15 6:30,20.805,0,,,,
1485,10/27/15 7:00,20.805,0,,,,
1486,10/27/15 7:30,20.805,0,,,,
1487,10/27/15 8:00,20.805,0,,,,
1488,10/27/15 8:30,20.805,10.8,,,,
1489,10/27/15 9:00,20.805,21.5,,,,
1490,10/27/15 9:30,20.996,118.4,,,,
1491,10/27/15 10:00,21.187,129.2,,,,
1492,10/27/15 10:30,21.378,150.7,,,,
1493,10/27/15 11:00,21.569,161.5,,,,
1494,10/27/15 11:30,21.664,161.5,,,,
1495,10/27/15 12:00,21.664,75.3,,,,
1496,10/27/15 12:30,21.569,64.6,,,,
1497,10/27/15 13:00,21.473,64.6,,,,
1498,10/27/15 13:30,21.378,64.6,,,,
1499,10/27/15 14:00,21.378,75.3,,,,
1500,10/27/15 14:30,21.473,53.8,,,,
1501,10/27/15 15:00,21.76,183,,,,
1502,10/27/15 15:30,22.046,43.1,,,,
1503,10/27/15 16:00,21.855,75.3,,,,
1504,10/27/15 16:30,21.76,32.3,,,,
1505,10/27/15 17:00,21.664,10.8,,,,
1506,10/27/15 17:30,21.569,10.8,,,,
1507,10/27/15 18:00,21.569,0,,,,
1508,10/27/15 18:30,21.473,0,,,,
1509,10/27/15 19:00,21.473,0,,,,
1510,10/27/15 19:30,21.378,0,,,,
1511,10/27/15 20:00,21.378,0,,,,
1512,10/27/15 20:30,21.378,0,,,,
1513,10/27/15 21:00,21.378,0,,,,
1514,10/27/15 21:30,21.378,0,,,,
1515,10/27/15 22:00,21.378,0,,,,
1516,10/27/15 22:30,21.473,0,,,,
1517,10/27/15 23:00,21.378,0,,,,
1518,10/27/15 23:30,21.473,0,,,,
1519,10/28/15 0:00,21.473,0,,,,
1520,10/28/15 0:30,21.473,0,,,,
1521,10/28/15 1:00,21.378,0,,,,
1522,10/28/15 1:30,21.378,0,,,,
1523,10/28/15 2:00,21.378,0,,,,
1524,10/28/15 2:30,21.378,0,,,,
1525,10/28/15 3:00,21.378,0,,,,
1526,10/28/15 3:30,21.378,0,,,,
1527,10/28/15 4:00,21.378,0,,,,
1528,10/28/15 4:30,21.378,0,,,,
1529,10/28/15 5:00,21.378,0,,,,
1530,10/28/15 5:30,21.473,0,,,,
1531,10/28/15 6:00,21.378,0,,,,
1532,10/28/15 6:30,21.378,0,,,,
1533,10/28/15 7:00,21.378,0,,,,
1534,10/28/15 7:30,21.473,0,,,,
1535,10/28/15 8:00,21.473,0,,,,
1536,10/28/15 8:30,21.473,0,,,,
1537,10/28/15 9:00,21.473,0,,,,
1538,10/28/15 9:30,21.569,0,,,,
1539,10/28/15 10:00,21.569,0,,,,
1540,10/28/15 10:30,21.664,118.4,,,,
1541,10/28/15 11:00,21.951,161.5,,,,
1542,10/28/15 11:30,22.525,118.4,,,,
1543,10/28/15 12:00,22.621,139.9,,,,
1544,10/28/15 12:30,22.429,64.6,,,,
1545,10/28/15 13:00,22.333,64.6,,,,
1546,10/28/15 13:30,22.238,64.6,,,,
1547,10/28/15 14:00,22.238,32.3,,,,
1548,10/28/15 14:30,22.238,129.2,,,,
1549,10/28/15 15:00,22.621,129.2,,,,
1550,10/28/15 15:30,22.812,118.4,,,,
1551,10/28/15 16:00,23.004,118.4,,,,
1552,10/28/15 16:30,23.196,0,,,,
1553,10/28/15 17:00,22.908,21.5,,,,
1554,10/28/15 17:30,22.717,0,,,,
1555,10/28/15 18:00,22.525,0,,,,
1556,10/28/15 18:30,22.525,0,,,,
1557,10/28/15 19:00,22.429,0,,,,
1558,10/28/15 19:30,22.429,0,,,,
1559,10/28/15 20:00,22.333,0,,,,
1560,10/28/15 20:30,22.333,0,,,,
1561,10/28/15 21:00,22.429,0,,,,
1562,10/28/15 21:30,22.429,0,,,,
1563,10/28/15 22:00,22.429,0,,,,
1564,10/28/15 22:30,22.429,0,,,,
1565,10/28/15 23:00,22.429,0,,,,
1566,10/28/15 23:30,22.429,0,,,,
1567,10/29/15 0:00,22.429,0,,,,
1568,10/29/15 0:30,22.429,0,,,,
1569,10/29/15 1:00,22.429,0,,,,
1570,10/29/15 1:30,22.429,0,,,,
1571,10/29/15 2:00,22.429,0,,,,
1572,10/29/15 2:30,22.525,0,,,,
1573,10/29/15 3:00,22.525,0,,,,
1574,10/29/15 3:30,22.525,0,,,,
1575,10/29/15 4:00,22.525,0,,,,
1576,10/29/15 4:30,22.525,0,,,,
1577,10/29/15 5:00,22.525,0,,,,
1578,10/29/15 5:30,22.429,0,,,,
1579,10/29/15 6:00,22.429,0,,,,
1580,10/29/15 6:30,22.429,0,,,,
1581,10/29/15 7:00,22.429,0,,,,
1582,10/29/15 7:30,22.429,0,,,,
1583,10/29/15 8:00,22.429,0,,,,
1584,10/29/15 8:30,22.333,0,,,,
1585,10/29/15 9:00,22.429,129.2,,,,
1586,10/29/15 9:30,22.908,107.6,,,,
1587,10/29/15 10:00,23.196,107.6,,,,
1588,10/29/15 10:30,23.388,129.2,,,,
1589,10/29/15 11:00,23.388,150.7,,,,
1590,10/29/15 11:30,23.388,139.9,,,,
1591,10/29/15 12:00,23.292,150.7,,,,
1592,10/29/15 12:30,23.196,161.5,,,,
1593,10/29/15 13:00,23.004,150.7,,,,
1594,10/29/15 13:30,23.004,150.7,,,,
1595,10/29/15 14:00,23.004,43.1,,,,
1596,10/29/15 14:30,22.717,43.1,,,,
1597,10/29/15 15:00,22.525,53.8,,,,
1598,10/29/15 15:30,22.525,139.9,,,,
1599,10/29/15 16:00,22.621,139.9,,,,
1600,10/29/15 16:30,22.812,118.4,,,,
1601,10/29/15 17:00,22.812,107.6,,,,
1602,10/29/15 17:30,22.717,0,,,,
1603,10/29/15 18:00,22.525,0,,,,
1604,10/29/15 18:30,22.333,0,,,,
1605,10/29/15 19:00,22.333,0,,,,
1606,10/29/15 19:30,22.238,0,,,,
1607,10/29/15 20:00,22.142,0,,,,
1608,10/29/15 20:30,22.046,0,,,,
1609,10/29/15 21:00,21.951,0,,,,
1610,10/29/15 21:30,21.855,0,,,,
1611,10/29/15 22:00,21.855,0,,,,
1612,10/29/15 22:30,21.76,0,,,,
1613,10/29/15 23:00,21.76,0,,,,
1614,10/29/15 23:30,21.76,0,,,,
1615,10/30/15 0:00,21.664,0,,,,
1616,10/30/15 0:30,21.664,0,,,,
1617,10/30/15 1:00,21.664,0,,,,
1618,10/30/15 1:30,21.664,0,,,,
1619,10/30/15 2:00,21.664,0,,,,
1620,10/30/15 2:30,21.664,0,,,,
1621,10/30/15 3:00,21.664,0,,,,
1622,10/30/15 3:30,21.569,0,,,,
1623,10/30/15 4:00,21.569,0,,,,
1624,10/30/15 4:30,21.569,0,,,,
1625,10/30/15 5:00,21.569,0,,,,
1626,10/30/15 5:30,21.569,0,,,,
1627,10/30/15 6:00,21.569,0,,,,
1628,10/30/15 6:30,21.569,0,,,,
1629,10/30/15 7:00,21.569,0,,,,
1630,10/30/15 7:30,21.569,0,,,,
1631,10/30/15 8:00,21.569,0,,,,
1632,10/30/15 8:30,21.569,118.4,,,,
1633,10/30/15 9:00,21.855,118.4,,,,
1634,10/30/15 9:30,21.951,150.7,,,,
1635,10/30/15 10:00,22.046,139.9,,,,
1636,10/30/15 10:30,22.238,129.2,,,,
1637,10/30/15 11:00,22.429,32.3,,,,
1638,10/30/15 11:30,22.142,43.1,,,,
1639,10/30/15 12:00,22.046,32.3,,,,
1640,10/30/15 12:30,21.951,21.5,,,,
1641,10/30/15 13:00,21.855,43.1,,,,
1642,10/30/15 13:30,21.855,53.8,,,,
1643,10/30/15 14:00,21.76,32.3,,,,
1644,10/30/15 14:30,21.76,21.5,,,,
1645,10/30/15 15:00,21.951,139.9,,,,
1646,10/30/15 15:30,22.142,139.9,,,,
1647,10/30/15 16:00,22.238,150.7,,,,
1648,10/30/15 16:30,22.717,129.2,,,,
1649,10/30/15 17:00,22.812,107.6,,,,
1650,10/30/15 17:30,22.908,53.8,,,,
1651,10/30/15 18:00,22.621,0,,,,
1652,10/30/15 18:30,22.429,0,,,,
1653,10/30/15 19:00,22.238,64.6,,,,
1654,10/30/15 19:30,22.238,0,,,,
1655,10/30/15 20:00,22.046,0,,,,
1656,10/30/15 20:30,21.951,0,,,,
1657,10/30/15 21:00,21.855,0,,,,
1658,10/30/15 21:30,21.76,0,,,,
1659,10/30/15 22:00,21.76,0,,,,
1660,10/30/15 22:30,21.664,0,,,,
1661,10/30/15 23:00,21.664,0,,,,
1662,10/30/15 23:30,21.569,0,,,,
1663,10/31/15 0:00,21.473,0,,,,
1664,10/31/15 0:30,21.473,0,,,,
1665,10/31/15 1:00,21.473,0,,,,
1666,10/31/15 1:30,21.378,0,,,,
1667,10/31/15 2:00,21.378,0,,,,
1668,10/31/15 2:30,21.378,0,,,,
1669,10/31/15 3:00,21.378,0,,,,
1670,10/31/15 3:30,21.378,0,,,,
1671,10/31/15 4:00,21.282,0,,,,
1672,10/31/15 4:30,21.282,0,,,,
1673,10/31/15 5:00,21.282,0,,,,
1674,10/31/15 5:30,21.282,0,,,,
1675,10/31/15 6:00,21.187,0,,,,
1676,10/31/15 6:30,21.187,0,,,,
1677,10/31/15 7:00,21.187,0,,,,
1678,10/31/15 7:30,21.187,0,,,,
1679,10/31/15 8:00,21.187,0,,,,
1680,10/31/15 8:30,21.091,0,,,,
1681,10/31/15 9:00,21.091,21.5,,,,
1682,10/31/15 9:30,21.187,32.3,,,,
1683,10/31/15 10:00,21.091,43.1,,,,
1684,10/31/15 10:30,21.187,43.1,,,,
1685,10/31/15 11:00,21.187,53.8,,,,
1686,10/31/15 11:30,21.282,53.8,,,,
1687,10/31/15 12:00,21.282,64.6,,,,
1688,10/31/15 12:30,21.378,64.6,,,,
1689,10/31/15 13:00,21.378,86.1,,,,
1690,10/31/15 13:30,21.378,53.8,,,,
1691,10/31/15 14:00,21.378,53.8,,,,
1692,10/31/15 14:30,21.473,43.1,,,,
1693,10/31/15 15:00,21.473,43.1,,,,
1694,10/31/15 15:30,21.473,43.1,,,,
1695,10/31/15 16:00,21.473,21.5,,,,
1696,10/31/15 16:30,21.473,0,,,,
1697,10/31/15 17:00,21.378,10.8,,,,
1698,10/31/15 17:30,21.378,0,,,,
1699,10/31/15 18:00,21.378,0,,,,
1700,10/31/15 18:30,21.378,0,,,,
1701,10/31/15 19:00,21.378,0,,,,
1702,10/31/15 19:30,21.378,0,,,,
1703,10/31/15 20:00,21.378,0,,,,
1704,10/31/15 20:30,21.378,0,,,,
1705,10/31/15 21:00,21.282,0,,,,
1706,10/31/15 21:30,21.282,0,,,,
1707,10/31/15 22:00,21.282,0,,,,
1708,10/31/15 22:30,21.282,0,,,,
1709,10/31/15 23:00,21.282,0,,,,
1710,10/31/15 23:30,21.282,0,,,,
1711,11/1/15 0:00,21.282,0,,,,
1712,11/1/15 0:30,21.282,0,,,,
1713,11/1/15 1:00,21.282,0,,,,
1714,11/1/15 1:30,21.282,0,,,,
1715,11/1/15 2:00,21.282,0,,,,
1716,11/1/15 2:30,21.282,0,,,,
1717,11/1/15 3:00,21.282,0,,,,
1718,11/1/15 3:30,21.282,0,,,,
1719,11/1/15 4:00,21.282,0,,,,
1720,11/1/15 4:30,21.282,0,,,,
1721,11/1/15 5:00,21.282,0,,,,
1722,11/1/15 5:30,21.282,0,,,,
1723,11/1/15 6:00,21.282,0,,,,
1724,11/1/15 6:30,21.282,0,,,,
1725,11/1/15 7:00,21.282,0,,,,
1726,11/1/15 7:30,21.378,0,,,,
1727,11/1/15 8:00,21.378,0,,,,
1728,11/1/15 8:30,21.378,0,,,,
1729,11/1/15 9:00,21.378,0,,,,
1730,11/1/15 9:30,21.378,10.8,,,,
1731,11/1/15 10:00,21.378,43.1,,,,
1732,11/1/15 10:30,21.473,43.1,,,,
1733,11/1/15 11:00,21.473,10.8,,,,
1734,11/1/15 11:30,21.569,10.8,,,,
1735,11/1/15 12:00,21.569,43.1,,,,
1736,11/1/15 12:30,21.664,64.6,,,,
1737,11/1/15 13:00,21.664,75.3,,,,
1738,11/1/15 13:30,21.76,53.8,,,,
1739,11/1/15 14:00,21.76,86.1,,,,
1740,11/1/15 14:30,21.76,64.6,,,,
1741,11/1/15 15:00,21.76,53.8,,,,
1742,11/1/15 15:30,21.76,43.1,,,,
1743,11/1/15 16:00,21.76,32.3,,,,
1744,11/1/15 16:30,21.76,32.3,,,,
1745,11/1/15 17:00,21.664,21.5,,,,
1746,11/1/15 17:30,21.664,10.8,,,,
1747,11/1/15 18:00,21.664,0,,,,
1748,11/1/15 18:30,21.569,0,,,,
1749,11/1/15 19:00,21.569,0,,,,
1750,11/1/15 19:30,21.473,0,,,,
1751,11/1/15 20:00,21.473,0,,,,
1752,11/1/15 20:30,21.473,0,,,,
1753,11/1/15 21:00,21.473,0,,,,
1754,11/1/15 21:30,21.569,0,,,,
1755,11/1/15 22:00,21.569,0,,,,
1756,11/1/15 22:30,21.569,0,,,,
1757,11/1/15 23:00,21.569,0,,,,
1758,11/1/15 23:30,21.473,0,,,,
1759,11/2/15 0:00,21.569,0,,,,
1760,11/2/15 0:30,21.569,0,,,,
1761,11/2/15 1:00,21.473,0,,,,
1762,11/2/15 1:30,21.473,0,,,,
1763,11/2/15 2:00,21.569,0,,,,
1764,11/2/15 2:30,21.569,0,,,,
1765,11/2/15 3:00,21.473,0,,,,
1766,11/2/15 3:30,21.473,0,,,,
1767,11/2/15 4:00,21.473,0,,,,
1768,11/2/15 4:30,21.473,0,,,,
1769,11/2/15 5:00,21.473,0,,,,
1770,11/2/15 5:30,21.473,0,,,,
1771,11/2/15 6:00,21.473,0,,,,
1772,11/2/15 6:30,21.378,0,,,,
1773,11/2/15 7:00,21.378,0,,,,
1774,11/2/15 7:30,21.378,0,,,,
1775,11/2/15 8:00,21.378,0,,,,
1776,11/2/15 8:30,21.378,96.9,,,,
1777,11/2/15 9:00,21.664,43.1,,,,
1778,11/2/15 9:30,22.429,53.8,,,,
1779,11/2/15 10:00,22.717,43.1,,,,
1780,11/2/15 10:30,22.429,53.8,,,,
1781,11/2/15 11:00,22.238,43.1,,,,
1782,11/2/15 11:30,22.238,64.6,,,,
1783,11/2/15 12:00,22.238,53.8,,,,
1784,11/2/15 12:30,22.142,64.6,,,,
1785,11/2/15 13:00,22.046,64.6,,,,
1786,11/2/15 13:30,22.142,96.9,,,,
1787,11/2/15 14:00,22.333,107.6,,,,
1788,11/2/15 14:30,22.429,107.6,,,,
1789,11/2/15 15:00,22.525,64.6,,,,
1790,11/2/15 15:30,22.717,21.5,,,,
1791,11/2/15 16:00,22.717,75.3,,,,
1792,11/2/15 16:30,22.717,75.3,,,,
1793,11/2/15 17:00,22.717,64.6,,,,
1794,11/2/15 17:30,22.717,0,,,,
1795,11/2/15 18:00,22.621,0,,,,
1796,11/2/15 18:30,22.429,0,,,,
1797,11/2/15 19:00,22.429,0,,,,
1798,11/2/15 19:30,22.429,0,,,,
1799,11/2/15 20:00,22.333,0,,,,
1800,11/2/15 20:30,22.238,0,,,,
1801,11/2/15 21:00,22.238,0,,,,
1802,11/2/15 21:30,22.238,0,,,,
1803,11/2/15 22:00,22.142,0,,,,
1804,11/2/15 22:30,22.142,0,,,,
1805,11/2/15 23:00,22.046,0,,,,
1806,11/2/15 23:30,22.046,0,,,,
1807,11/3/15 0:00,22.046,0,,,,
1808,11/3/15 0:30,22.046,0,,,,
1809,11/3/15 1:00,21.951,0,,,,
1810,11/3/15 1:30,21.951,0,,,,
1811,11/3/15 2:00,21.951,0,,,,
1812,11/3/15 2:30,21.951,0,,,,
1813,11/3/15 3:00,21.951,0,,,,
1814,11/3/15 3:30,21.951,0,,,,
1815,11/3/15 4:00,21.951,0,,,,
1816,11/3/15 4:30,21.951,0,,,,
1817,11/3/15 5:00,21.855,0,,,,
1818,11/3/15 5:30,21.855,0,,,,
1819,11/3/15 6:00,21.855,0,,,,
1820,11/3/15 6:30,21.855,0,,,,
1821,11/3/15 7:00,21.76,0,,,,
1822,11/3/15 7:30,21.76,0,,,,
1823,11/3/15 8:00,21.76,0,,,,
1824,11/3/15 8:30,21.76,0,,,,
1825,11/3/15 9:00,21.76,21.5,,,,
1826,11/3/15 9:30,21.76,32.3,,,,
1827,11/3/15 10:00,21.76,43.1,,,,
1828,11/3/15 10:30,21.951,21.5,,,,
1829,11/3/15 11:00,22.142,21.5,,,,
1830,11/3/15 11:30,22.142,21.5,,,,
1831,11/3/15 12:00,22.142,53.8,,,,
1832,11/3/15 12:30,22.142,53.8,,,,
1833,11/3/15 13:00,22.333,43.1,,,,
1834,11/3/15 13:30,22.525,10.8,,,,
1835,11/3/15 14:00,22.525,32.3,,,,
1836,11/3/15 14:30,22.621,10.8,,,,
1837,11/3/15 15:00,22.621,10.8,,,,
1838,11/3/15 15:30,22.525,10.8,,,,
1839,11/3/15 16:00,22.525,10.8,,,,
1840,11/3/15 16:30,22.525,0,,,,
1841,11/3/15 17:00,22.525,21.5,,,,
1842,11/3/15 17:30,22.621,21.5,,,,
1843,11/3/15 18:00,22.717,10.8,,,,
1844,11/3/15 18:30,22.812,64.6,,,,
1845,11/3/15 19:00,22.812,0,,,,
1846,11/3/15 19:30,22.717,0,,,,
1847,11/3/15 20:00,22.621,0,,,,
1848,11/3/15 20:30,22.621,0,,,,
1849,11/3/15 21:00,22.525,0,,,,
1850,11/3/15 21:30,22.429,0,,,,
1851,11/3/15 22:00,22.429,0,,,,
1852,11/3/15 22:30,22.429,0,,,,
1853,11/3/15 23:00,22.429,0,,,,
1854,11/3/15 23:30,22.333,0,,,,
1855,11/4/15 0:00,22.333,0,,,,
1856,11/4/15 0:30,22.238,0,,,,
1857,11/4/15 1:00,22.238,0,,,,
1858,11/4/15 1:30,22.238,0,,,,
1859,11/4/15 2:00,22.238,0,,,,
1860,11/4/15 2:30,22.142,0,,,,
1861,11/4/15 3:00,22.142,0,,,,
1862,11/4/15 3:30,22.142,0,,,,
1863,11/4/15 4:00,22.142,0,,,,
1864,11/4/15 4:30,22.046,0,,,,
1865,11/4/15 5:00,22.046,0,,,,
1866,11/4/15 5:30,22.046,0,,,,
1867,11/4/15 6:00,22.046,0,,,,
1868,11/4/15 6:30,22.046,0,,,,
1869,11/4/15 7:00,21.951,0,,,,
1870,11/4/15 7:30,21.951,0,,,,
1871,11/4/15 8:00,21.951,0,,,,
1872,11/4/15 8:30,22.046,10.8,,,,
1873,11/4/15 9:00,22.142,10.8,,,,
1874,11/4/15 9:30,22.238,10.8,,,,
1875,11/4/15 10:00,22.333,0,,,,
1876,11/4/15 10:30,22.238,0,,,,
1877,11/4/15 11:00,22.142,0,,,,
1878,11/4/15 11:30,22.046,0,,,,
1879,11/4/15 12:00,22.429,21.5,,,,
1880,11/4/15 12:30,22.717,21.5,,,,
1881,11/4/15 13:00,23.966,53.8,,,,
1882,11/4/15 13:30,24.641,32.3,,,,
1883,11/4/15 14:00,25.125,21.5,,,,
1884,11/4/15 14:30,25.319,10.8,,,,
1885,11/4/15 15:00,25.222,10.8,,,,
1886,11/4/15 15:30,25.125,21.5,,,,
1887,11/4/15 16:00,24.835,10.8,,,,
1888,11/4/15 16:30,24.641,10.8,,,,
1889,11/4/15 17:00,24.448,0,,,,
1890,11/4/15 17:30,24.255,0,,,,
1891,11/4/15 18:00,24.062,0,,,,
1892,11/4/15 18:30,23.773,0,,,,
1893,11/4/15 19:00,23.581,0,,,,
1894,11/4/15 19:30,23.292,0,,,,
1895,11/4/15 20:00,23.196,0,,,,
1896,11/4/15 20:30,23.292,0,,,,
1897,11/4/15 21:00,23.292,0,,,,
1898,11/4/15 21:30,23.292,0,,,,
1899,11/4/15 22:00,23.196,0,,,,
1900,11/4/15 22:30,23.196,0,,,,
1901,11/4/15 23:00,23.196,0,,,,
1902,11/4/15 23:30,23.196,0,,,,
1903,11/5/15 0:00,23.1,0,,,,
1904,11/5/15 0:30,23.1,0,,,,
1905,11/5/15 1:00,23.1,0,,,,
1906,11/5/15 1:30,23.1,0,,,,
1907,11/5/15 2:00,23.004,0,,,,
1908,11/5/15 2:30,23.004,0,,,,
1909,11/5/15 3:00,23.004,0,,,,
1910,11/5/15 3:30,23.004,0,,,,
1911,11/5/15 4:00,23.004,0,,,,
1912,11/5/15 4:30,23.004,0,,,,
1913,11/5/15 5:00,22.908,0,,,,
1914,11/5/15 5:30,22.908,0,,,,
1915,11/5/15 6:00,22.908,0,,,,
1916,11/5/15 6:30,22.908,0,,,,
1917,11/5/15 7:00,22.908,0,,,,
1918,11/5/15 7:30,22.908,0,,,,
1919,11/5/15 8:00,22.908,0,,,,
1920,11/5/15 8:30,22.908,0,,,,
1921,11/5/15 9:00,23.004,10.8,,,,
1922,11/5/15 9:30,23.1,10.8,,,,
1923,11/5/15 10:00,23.196,10.8,,,,
1924,11/5/15 10:30,23.292,10.8,,,,
1925,11/5/15 11:00,23.388,0,,,,
1926,11/5/15 11:30,23.388,0,,,,
1927,11/5/15 12:00,23.388,10.8,,,,
1928,11/5/15 12:30,23.388,10.8,,,,
1929,11/5/15 13:00,23.484,10.8,,,,
1930,11/5/15 13:30,23.388,10.8,,,,
1931,11/5/15 14:00,23.484,10.8,,,,
1932,11/5/15 14:18,,,Logged,Logged,,
1933,11/5/15 14:18,,,,,Logged,Logged