Plot Title: 10522275,,,,,,,
#,"Date Time, GMT-04:00","Temp, ¡C (LGR S/N: 10522275, SEN S/N: 10522275)","Intensity, Lux (LGR S/N: 10522275, SEN S/N: 10522275)",Coupler Attached (LGR S/N: 10522275),Host Connected (LGR S/N: 10522275),Stopped (LGR S/N: 10522275),End Of File (LGR S/N: 10522275)
1,9/26/15 9:00,21.091,0,,,,
2,9/26/15 9:30,20.996,0,,,,
3,9/26/15 10:00,20.615,10.8,,,,
4,9/26/15 10:30,20.996,96.9,,,,
5,9/26/15 11:00,15.855,129.2,,,,
6,9/26/15 11:30,16.141,129.2,,,,
7,9/26/15 12:00,16.523,107.6,,,,
8,9/26/15 12:30,16.903,107.6,,,,
9,9/26/15 13:00,17.284,139.9,,,,
10,9/26/15 13:30,17.665,139.9,,,,
11,9/26/15 14:00,18.14,247.6,,,,
12,9/26/15 14:30,18.521,139.9,,,,
13,9/26/15 15:00,18.901,161.5,,,,
14,9/26/15 15:30,19.187,118.4,,,,
15,9/26/15 16:00,19.187,118.4,,,,
16,9/26/15 16:30,19.092,118.4,,,,
17,9/26/15 17:00,18.901,86.1,,,,
18,9/26/15 17:30,18.806,75.3,,,,
19,9/26/15 18:00,18.616,43.1,,,,
20,9/26/15 18:30,18.426,10.8,,,,
21,9/26/15 19:00,18.236,0,,,,
22,9/26/15 19:30,18.045,0,,,,
23,9/26/15 20:00,17.855,0,,,,
24,9/26/15 20:30,17.665,0,,,,
25,9/26/15 21:00,17.57,0,,,,
26,9/26/15 21:30,17.379,0,,,,
27,9/26/15 22:00,17.284,0,,,,
28,9/26/15 22:30,17.189,0,,,,
29,9/26/15 23:00,16.999,0,,,,
30,9/26/15 23:30,16.903,0,,,,
31,9/27/15 0:00,16.713,0,,,,
32,9/27/15 0:30,16.618,0,,,,
33,9/27/15 1:00,16.427,0,,,,
34,9/27/15 1:30,16.332,0,,,,
35,9/27/15 2:00,16.141,0,,,,
36,9/27/15 2:30,16.046,0,,,,
37,9/27/15 3:00,15.855,0,,,,
38,9/27/15 3:30,15.76,0,,,,
39,9/27/15 4:00,15.569,0,,,,
40,9/27/15 4:30,15.378,0,,,,
41,9/27/15 5:00,15.282,0,,,,
42,9/27/15 5:30,15.187,0,,,,
43,9/27/15 6:00,14.996,0,,,,
44,9/27/15 6:30,14.804,0,,,,
45,9/27/15 7:00,14.709,0,,,,
46,9/27/15 7:30,14.613,21.5,,,,
47,9/27/15 8:00,14.613,43.1,,,,
48,9/27/15 8:30,14.517,53.8,,,,
49,9/27/15 9:00,14.613,139.9,,,,
50,9/27/15 9:30,14.709,107.6,,,,
51,9/27/15 10:00,14.9,204.5,,,,
52,9/27/15 10:30,14.996,172.2,,,,
53,9/27/15 11:00,15.282,161.5,,,,
54,9/27/15 11:30,15.473,150.7,,,,
55,9/27/15 12:00,15.855,172.2,,,,
56,9/27/15 12:30,16.332,118.4,,,,
57,9/27/15 13:00,16.713,118.4,,,,
58,9/27/15 13:30,17.189,161.5,,,,
59,9/27/15 14:00,17.57,96.9,,,,
60,9/27/15 14:30,18.045,86.1,,,,
61,9/27/15 15:00,18.521,86.1,,,,
62,9/27/15 15:30,18.806,64.6,,,,
63,9/27/15 16:00,18.996,75.3,,,,
64,9/27/15 16:30,18.901,32.3,,,,
65,9/27/15 17:00,18.806,32.3,,,,
66,9/27/15 17:30,18.616,53.8,,,,
67,9/27/15 18:00,18.426,32.3,,,,
68,9/27/15 18:30,18.236,10.8,,,,
69,9/27/15 19:00,18.14,0,,,,
70,9/27/15 19:30,17.95,0,,,,
71,9/27/15 20:00,17.76,0,,,,
72,9/27/15 20:30,17.665,0,,,,
73,9/27/15 21:00,17.475,0,,,,
74,9/27/15 21:30,17.379,0,,,,
75,9/27/15 22:00,17.284,0,,,,
76,9/27/15 22:30,17.189,0,,,,
77,9/27/15 23:00,16.999,0,,,,
78,9/27/15 23:30,16.903,0,,,,
79,9/28/15 0:00,16.808,0,,,,
80,9/28/15 0:30,16.713,0,,,,
81,9/28/15 1:00,16.618,0,,,,
82,9/28/15 1:30,16.427,0,,,,
83,9/28/15 2:00,16.332,0,,,,
84,9/28/15 2:30,16.237,0,,,,
85,9/28/15 3:00,16.141,0,,,,
86,9/28/15 3:30,16.046,0,,,,
87,9/28/15 4:00,16.046,0,,,,
88,9/28/15 4:30,16.046,0,,,,
89,9/28/15 5:00,16.046,0,,,,
90,9/28/15 5:30,15.951,0,,,,
91,9/28/15 6:00,15.951,0,,,,
92,9/28/15 6:30,15.951,0,,,,
93,9/28/15 7:00,15.951,0,,,,
94,9/28/15 7:30,15.951,21.5,,,,
95,9/28/15 8:00,15.951,10.8,,,,
96,9/28/15 8:30,15.951,10.8,,,,
97,9/28/15 9:00,16.046,96.9,,,,
98,9/28/15 9:30,16.237,129.2,,,,
99,9/28/15 10:00,16.427,150.7,,,,
100,9/28/15 10:30,16.618,290.6,,,,
101,9/28/15 11:00,16.903,129.2,,,,
102,9/28/15 11:30,17.094,183,,,,
103,9/28/15 12:00,17.379,161.5,,,,
104,9/28/15 12:30,17.475,172.2,,,,
105,9/28/15 13:00,17.76,172.2,,,,
106,9/28/15 13:30,18.14,236.8,,,,
107,9/28/15 14:00,18.426,204.5,,,,
108,9/28/15 14:30,18.616,236.8,,,,
109,9/28/15 15:00,18.711,107.6,,,,
110,9/28/15 15:30,18.806,107.6,,,,
111,9/28/15 16:00,18.996,86.1,,,,
112,9/28/15 16:30,18.996,64.6,,,,
113,9/28/15 17:00,18.996,75.3,,,,
114,9/28/15 17:30,18.996,43.1,,,,
115,9/28/15 18:00,18.996,21.5,,,,
116,9/28/15 18:30,18.901,0,,,,
117,9/28/15 19:00,18.806,0,,,,
118,9/28/15 19:30,18.711,0,,,,
119,9/28/15 20:00,18.616,0,,,,
120,9/28/15 20:30,18.616,0,,,,
121,9/28/15 21:00,18.521,0,,,,
122,9/28/15 21:30,18.426,0,,,,
123,9/28/15 22:00,18.426,0,,,,
124,9/28/15 22:30,18.331,0,,,,
125,9/28/15 23:00,18.331,0,,,,
126,9/28/15 23:30,18.331,0,,,,
127,9/29/15 0:00,18.236,0,,,,
128,9/29/15 0:30,18.236,0,,,,
129,9/29/15 1:00,18.236,0,,,,
130,9/29/15 1:30,18.14,0,,,,
131,9/29/15 2:00,18.14,0,,,,
132,9/29/15 2:30,18.14,0,,,,
133,9/29/15 3:00,18.045,0,,,,
134,9/29/15 3:30,18.045,0,,,,
135,9/29/15 4:00,17.95,0,,,,
136,9/29/15 4:30,17.95,0,,,,
137,9/29/15 5:00,17.95,0,,,,
138,9/29/15 5:30,17.95,0,,,,
139,9/29/15 6:00,17.855,0,,,,
140,9/29/15 6:30,17.855,0,,,,
141,9/29/15 7:00,17.76,0,,,,
142,9/29/15 7:30,17.76,0,,,,
143,9/29/15 8:00,17.76,0,,,,
144,9/29/15 8:30,17.855,32.3,,,,
145,9/29/15 9:00,17.95,53.8,,,,
146,9/29/15 9:30,18.045,64.6,,,,
147,9/29/15 10:00,18.045,43.1,,,,
148,9/29/15 10:30,18.14,96.9,,,,
149,9/29/15 11:00,18.331,75.3,,,,
150,9/29/15 11:30,18.426,86.1,,,,
151,9/29/15 12:00,18.426,32.3,,,,
152,9/29/15 12:30,18.521,96.9,,,,
153,9/29/15 13:00,18.711,150.7,,,,
154,9/29/15 13:30,18.806,161.5,,,,
155,9/29/15 14:00,18.901,75.3,,,,
156,9/29/15 14:30,18.901,10.8,,,,
157,9/29/15 15:00,18.996,53.8,,,,
158,9/29/15 15:30,18.996,43.1,,,,
159,9/29/15 16:00,18.901,32.3,,,,
160,9/29/15 16:30,18.901,10.8,,,,
161,9/29/15 17:00,18.901,0,,,,
162,9/29/15 17:30,18.901,0,,,,
163,9/29/15 18:00,18.806,0,,,,
164,9/29/15 18:30,18.711,0,,,,
165,9/29/15 19:00,18.711,0,,,,
166,9/29/15 19:30,18.616,0,,,,
167,9/29/15 20:00,18.521,0,,,,
168,9/29/15 20:30,18.426,0,,,,
169,9/29/15 21:00,18.331,0,,,,
170,9/29/15 21:30,18.236,0,,,,
171,9/29/15 22:00,18.14,0,,,,
172,9/29/15 22:30,18.14,0,,,,
173,9/29/15 23:00,18.236,0,,,,
174,9/29/15 23:30,18.521,0,,,,
175,9/30/15 0:00,18.711,0,,,,
176,9/30/15 0:30,18.616,0,,,,
177,9/30/15 1:00,18.521,0,,,,
178,9/30/15 1:30,18.331,0,,,,
179,9/30/15 2:00,18.14,0,,,,
180,9/30/15 2:30,17.95,0,,,,
181,9/30/15 3:00,17.76,0,,,,
182,9/30/15 3:30,17.665,0,,,,
183,9/30/15 4:00,17.665,0,,,,
184,9/30/15 4:30,17.57,0,,,,
185,9/30/15 5:00,17.475,0,,,,
186,9/30/15 5:30,17.475,0,,,,
187,9/30/15 6:00,17.379,0,,,,
188,9/30/15 6:30,17.379,0,,,,
189,9/30/15 7:00,17.284,0,,,,
190,9/30/15 7:30,17.189,0,,,,
191,9/30/15 8:00,17.189,0,,,,
192,9/30/15 8:30,17.189,0,,,,
193,9/30/15 9:00,17.094,0,,,,
194,9/30/15 9:30,16.999,0,,,,
195,9/30/15 10:00,16.999,0,,,,
196,9/30/15 10:30,16.999,10.8,,,,
197,9/30/15 11:00,16.903,0,,,,
198,9/30/15 11:30,16.903,10.8,,,,
199,9/30/15 12:00,16.808,21.5,,,,
200,9/30/15 12:30,16.808,21.5,,,,
201,9/30/15 13:00,16.808,43.1,,,,
202,9/30/15 13:30,16.808,43.1,,,,
203,9/30/15 14:00,16.713,10.8,,,,
204,9/30/15 14:30,16.618,10.8,,,,
205,9/30/15 15:00,16.523,10.8,,,,
206,9/30/15 15:30,16.523,10.8,,,,
207,9/30/15 16:00,16.427,0,,,,
208,9/30/15 16:30,16.332,0,,,,
209,9/30/15 17:00,16.237,0,,,,
210,9/30/15 17:30,16.141,0,,,,
211,9/30/15 18:00,16.046,0,,,,
212,9/30/15 18:30,16.046,0,,,,
213,9/30/15 19:00,15.951,0,,,,
214,9/30/15 19:30,15.855,0,,,,
215,9/30/15 20:00,15.76,0,,,,
216,9/30/15 20:30,15.76,0,,,,
217,9/30/15 21:00,15.664,0,,,,
218,9/30/15 21:30,15.569,0,,,,
219,9/30/15 22:00,15.473,0,,,,
220,9/30/15 22:30,15.378,0,,,,
221,9/30/15 23:00,15.378,0,,,,
222,9/30/15 23:30,15.282,0,,,,
223,10/1/15 0:00,15.187,0,,,,
224,10/1/15 0:30,15.091,0,,,,
225,10/1/15 1:00,14.996,0,,,,
226,10/1/15 1:30,14.9,0,,,,
227,10/1/15 2:00,14.804,0,,,,
228,10/1/15 2:30,14.709,0,,,,
229,10/1/15 3:00,14.613,0,,,,
230,10/1/15 3:30,14.613,0,,,,
231,10/1/15 4:00,14.517,0,,,,
232,10/1/15 4:30,14.421,0,,,,
233,10/1/15 5:00,14.421,0,,,,
234,10/1/15 5:30,14.325,0,,,,
235,10/1/15 6:00,14.23,0,,,,
236,10/1/15 6:30,14.134,0,,,,
237,10/1/15 7:00,14.038,0,,,,
238,10/1/15 7:30,14.038,0,,,,
239,10/1/15 8:00,13.942,0,,,,
240,10/1/15 8:30,13.942,0,,,,
241,10/1/15 9:00,13.846,21.5,,,,
242,10/1/15 9:30,13.846,21.5,,,,
243,10/1/15 10:00,13.846,32.3,,,,
244,10/1/15 10:30,13.846,53.8,,,,
245,10/1/15 11:00,13.846,64.6,,,,
246,10/1/15 11:30,13.846,43.1,,,,
247,10/1/15 12:00,13.846,64.6,,,,
248,10/1/15 12:30,13.846,75.3,,,,
249,10/1/15 13:00,13.942,53.8,,,,
250,10/1/15 13:30,13.942,75.3,,,,
251,10/1/15 14:00,13.942,86.1,,,,
252,10/1/15 14:30,14.038,96.9,,,,
253,10/1/15 15:00,14.038,64.6,,,,
254,10/1/15 15:30,14.038,75.3,,,,
255,10/1/15 16:00,14.038,53.8,,,,
256,10/1/15 16:30,14.038,75.3,,,,
257,10/1/15 17:00,14.038,53.8,,,,
258,10/1/15 17:30,14.038,53.8,,,,
259,10/1/15 18:00,14.038,21.5,,,,
260,10/1/15 18:30,13.942,0,,,,
261,10/1/15 19:00,13.846,0,,,,
262,10/1/15 19:30,13.654,0,,,,
263,10/1/15 20:00,13.558,0,,,,
264,10/1/15 20:30,13.365,0,,,,
265,10/1/15 21:00,13.269,0,,,,
266,10/1/15 21:30,13.173,0,,,,
267,10/1/15 22:00,12.98,0,,,,
268,10/1/15 22:30,12.883,0,,,,
269,10/1/15 23:00,12.787,0,,,,
270,10/1/15 23:30,12.69,0,,,,
271,10/2/15 0:00,12.497,0,,,,
272,10/2/15 0:30,12.401,0,,,,
273,10/2/15 1:00,12.304,0,,,,
274,10/2/15 1:30,12.207,0,,,,
275,10/2/15 2:00,12.11,0,,,,
276,10/2/15 2:30,12.013,0,,,,
277,10/2/15 3:00,11.916,0,,,,
278,10/2/15 3:30,11.819,0,,,,
279,10/2/15 4:00,11.722,0,,,,
280,10/2/15 4:30,11.625,0,,,,
281,10/2/15 5:00,11.528,0,,,,
282,10/2/15 5:30,11.431,0,,,,
283,10/2/15 6:00,11.334,0,,,,
284,10/2/15 6:30,11.334,0,,,,
285,10/2/15 7:00,11.236,0,,,,
286,10/2/15 7:30,11.236,0,,,,
287,10/2/15 8:00,11.236,21.5,,,,
288,10/2/15 8:30,11.236,43.1,,,,
289,10/2/15 9:00,11.334,53.8,,,,
290,10/2/15 9:30,11.431,75.3,,,,
291,10/2/15 10:00,11.528,96.9,,,,
292,10/2/15 10:30,11.722,107.6,,,,
293,10/2/15 11:00,11.819,107.6,,,,
294,10/2/15 11:30,12.013,107.6,,,,
295,10/2/15 12:00,12.11,129.2,,,,
296,10/2/15 12:30,12.304,139.9,,,,
297,10/2/15 13:00,12.401,150.7,,,,
298,10/2/15 13:30,12.594,139.9,,,,
299,10/2/15 14:00,12.69,139.9,,,,
300,10/2/15 14:30,12.69,107.6,,,,
301,10/2/15 15:00,12.69,107.6,,,,
302,10/2/15 15:30,12.787,96.9,,,,
303,10/2/15 16:00,12.69,64.6,,,,
304,10/2/15 16:30,12.69,32.3,,,,
305,10/2/15 17:00,12.594,21.5,,,,
306,10/2/15 17:30,12.497,10.8,,,,
307,10/2/15 18:00,12.401,0,,,,
308,10/2/15 18:30,12.304,0,,,,
309,10/2/15 19:00,12.207,0,,,,
310,10/2/15 19:30,12.11,0,,,,
311,10/2/15 20:00,12.013,0,,,,
312,10/2/15 20:30,11.819,0,,,,
313,10/2/15 21:00,11.722,0,,,,
314,10/2/15 21:30,11.625,0,,,,
315,10/2/15 22:00,11.528,0,,,,
316,10/2/15 22:30,11.528,0,,,,
317,10/2/15 23:00,11.431,0,,,,
318,10/2/15 23:30,11.334,0,,,,
319,10/3/15 0:00,11.334,0,,,,
320,10/3/15 0:30,11.236,0,,,,
321,10/3/15 1:00,11.139,0,,,,
322,10/3/15 1:30,11.041,0,,,,
323,10/3/15 2:00,10.944,0,,,,
324,10/3/15 2:30,10.944,0,,,,
325,10/3/15 3:00,10.846,0,,,,
326,10/3/15 3:30,10.748,0,,,,
327,10/3/15 4:00,10.651,0,,,,
328,10/3/15 4:30,10.553,0,,,,
329,10/3/15 5:00,10.553,0,,,,
330,10/3/15 5:30,10.455,0,,,,
331,10/3/15 6:00,10.357,0,,,,
332,10/3/15 6:30,10.357,0,,,,
333,10/3/15 7:00,10.357,0,,,,
334,10/3/15 7:30,10.357,0,,,,
335,10/3/15 8:00,10.357,0,,,,
336,10/3/15 8:30,10.357,10.8,,,,
337,10/3/15 9:00,10.357,21.5,,,,
338,10/3/15 9:30,10.455,64.6,,,,
339,10/3/15 10:00,10.553,86.1,,,,
340,10/3/15 10:30,10.748,107.6,,,,
341,10/3/15 11:00,10.846,107.6,,,,
342,10/3/15 11:30,11.041,107.6,,,,
343,10/3/15 12:00,11.236,129.2,,,,
344,10/3/15 12:30,11.334,86.1,,,,
345,10/3/15 13:00,11.431,64.6,,,,
346,10/3/15 13:30,11.528,86.1,,,,
347,10/3/15 14:00,11.528,86.1,,,,
348,10/3/15 14:30,11.625,75.3,,,,
349,10/3/15 15:00,11.625,53.8,,,,
350,10/3/15 15:30,11.625,75.3,,,,
351,10/3/15 16:00,11.722,43.1,,,,
352,10/3/15 16:30,11.625,10.8,,,,
353,10/3/15 17:00,11.625,10.8,,,,
354,10/3/15 17:30,11.528,0,,,,
355,10/3/15 18:00,11.528,0,,,,
356,10/3/15 18:30,11.431,0,,,,
357,10/3/15 19:00,11.334,0,,,,
358,10/3/15 19:30,11.334,0,,,,
359,10/3/15 20:00,11.236,0,,,,
360,10/3/15 20:30,11.236,0,,,,
361,10/3/15 21:00,11.139,0,,,,
362,10/3/15 21:30,11.139,0,,,,
363,10/3/15 22:00,11.041,0,,,,
364,10/3/15 22:30,11.041,0,,,,
365,10/3/15 23:00,11.041,0,,,,
366,10/3/15 23:30,11.041,0,,,,
367,10/4/15 0:00,10.944,0,,,,
368,10/4/15 0:30,10.944,0,,,,
369,10/4/15 1:00,10.944,0,,,,
370,10/4/15 1:30,10.944,0,,,,
371,10/4/15 2:00,10.944,0,,,,
372,10/4/15 2:30,10.944,0,,,,
373,10/4/15 3:00,10.944,0,,,,
374,10/4/15 3:30,10.846,0,,,,
375,10/4/15 4:00,10.846,0,,,,
376,10/4/15 4:30,10.846,0,,,,
377,10/4/15 5:00,10.748,0,,,,
378,10/4/15 5:30,10.748,0,,,,
379,10/4/15 6:00,10.651,0,,,,
380,10/4/15 6:30,10.651,0,,,,
381,10/4/15 7:00,10.651,0,,,,
382,10/4/15 7:30,10.553,0,,,,
383,10/4/15 8:00,10.553,21.5,,,,
384,10/4/15 8:30,10.651,32.3,,,,
385,10/4/15 9:00,10.651,53.8,,,,
386,10/4/15 9:30,10.651,53.8,,,,
387,10/4/15 10:00,10.748,53.8,,,,
388,10/4/15 10:30,10.944,43.1,,,,
389,10/4/15 11:00,11.236,43.1,,,,
390,10/4/15 11:30,11.722,53.8,,,,
391,10/4/15 12:00,12.207,96.9,,,,
392,10/4/15 12:30,12.69,118.4,,,,
393,10/4/15 13:00,13.076,129.2,,,,
394,10/4/15 13:30,13.269,139.9,,,,
395,10/4/15 14:00,13.461,118.4,,,,
396,10/4/15 14:30,13.75,64.6,,,,
397,10/4/15 15:00,14.038,53.8,,,,
398,10/4/15 15:30,14.23,75.3,,,,
399,10/4/15 16:00,14.23,53.8,,,,
400,10/4/15 16:30,14.23,64.6,,,,
401,10/4/15 17:00,14.134,32.3,,,,
402,10/4/15 17:30,14.038,10.8,,,,
403,10/4/15 18:00,13.942,0,,,,
404,10/4/15 18:30,13.75,0,,,,
405,10/4/15 19:00,13.558,0,,,,
406,10/4/15 19:30,13.365,0,,,,
407,10/4/15 20:00,13.173,0,,,,
408,10/4/15 20:30,12.883,0,,,,
409,10/4/15 21:00,12.69,0,,,,
410,10/4/15 21:30,12.497,0,,,,
411,10/4/15 22:00,12.401,0,,,,
412,10/4/15 22:30,12.207,0,,,,
413,10/4/15 23:00,12.11,0,,,,
414,10/4/15 23:30,12.013,0,,,,
415,10/5/15 0:00,11.819,0,,,,
416,10/5/15 0:30,11.722,0,,,,
417,10/5/15 1:00,11.625,0,,,,
418,10/5/15 1:30,11.528,0,,,,
419,10/5/15 2:00,11.431,0,,,,
420,10/5/15 2:30,11.334,0,,,,
421,10/5/15 3:00,11.334,0,,,,
422,10/5/15 3:30,11.236,0,,,,
423,10/5/15 4:00,11.139,0,,,,
424,10/5/15 4:30,11.139,0,,,,
425,10/5/15 5:00,11.041,0,,,,
426,10/5/15 5:30,11.041,0,,,,
427,10/5/15 6:00,10.944,0,,,,
428,10/5/15 6:30,10.944,0,,,,
429,10/5/15 7:00,10.846,0,,,,
430,10/5/15 7:30,10.748,0,,,,
431,10/5/15 8:00,10.748,10.8,,,,
432,10/5/15 8:30,10.748,21.5,,,,
433,10/5/15 9:00,10.651,43.1,,,,
434,10/5/15 9:30,10.748,53.8,,,,
435,10/5/15 10:00,10.846,86.1,,,,
436,10/5/15 10:30,11.041,43.1,,,,
437,10/5/15 11:00,11.236,43.1,,,,
438,10/5/15 11:30,11.625,43.1,,,,
439,10/5/15 12:00,12.207,107.6,,,,
440,10/5/15 12:30,12.69,43.1,,,,
441,10/5/15 13:00,12.98,53.8,,,,
442,10/5/15 13:30,13.269,333.7,,,,
443,10/5/15 14:00,13.558,53.8,,,,
444,10/5/15 14:30,13.846,43.1,,,,
445,10/5/15 15:00,14.134,75.3,,,,
446,10/5/15 15:30,14.325,64.6,,,,
447,10/5/15 16:00,14.325,32.3,,,,
448,10/5/15 16:30,14.23,21.5,,,,
449,10/5/15 17:00,14.23,10.8,,,,
450,10/5/15 17:30,14.134,10.8,,,,
451,10/5/15 18:00,14.134,10.8,,,,
452,10/5/15 18:30,14.038,0,,,,
453,10/5/15 19:00,13.846,0,,,,
454,10/5/15 19:30,13.75,0,,,,
455,10/5/15 20:00,13.558,0,,,,
456,10/5/15 20:30,13.365,0,,,,
457,10/5/15 21:00,13.269,0,,,,
458,10/5/15 21:30,13.076,0,,,,
459,10/5/15 22:00,12.883,0,,,,
460,10/5/15 22:30,12.787,0,,,,
461,10/5/15 23:00,12.69,0,,,,
462,10/5/15 23:30,12.594,0,,,,
463,10/6/15 0:00,12.594,0,,,,
464,10/6/15 0:30,12.594,0,,,,
465,10/6/15 1:00,12.594,0,,,,
466,10/6/15 1:30,12.594,0,,,,
467,10/6/15 2:00,12.594,0,,,,
468,10/6/15 2:30,12.594,0,,,,
469,10/6/15 3:00,12.594,0,,,,
470,10/6/15 3:30,12.594,0,,,,
471,10/6/15 4:00,12.594,0,,,,
472,10/6/15 4:30,12.594,0,,,,
473,10/6/15 5:00,12.69,0,,,,
474,10/6/15 5:30,12.594,0,,,,
475,10/6/15 6:00,12.69,0,,,,
476,10/6/15 6:30,12.594,0,,,,
477,10/6/15 7:00,12.594,0,,,,
478,10/6/15 7:30,12.594,0,,,,
479,10/6/15 8:00,12.69,21.5,,,,
480,10/6/15 8:30,12.69,32.3,,,,
481,10/6/15 9:00,12.787,43.1,,,,
482,10/6/15 9:30,12.883,64.6,,,,
483,10/6/15 10:00,12.98,86.1,,,,
484,10/6/15 10:30,13.076,107.6,,,,
485,10/6/15 11:00,13.269,96.9,,,,
486,10/6/15 11:30,13.365,129.2,,,,
487,10/6/15 12:00,13.558,118.4,,,,
488,10/6/15 12:30,13.654,129.2,,,,
489,10/6/15 13:00,13.846,139.9,,,,
490,10/6/15 13:30,13.942,107.6,,,,
491,10/6/15 14:00,14.038,96.9,,,,
492,10/6/15 14:30,14.134,75.3,,,,
493,10/6/15 15:00,14.134,53.8,,,,
494,10/6/15 15:30,14.23,64.6,,,,
495,10/6/15 16:00,14.23,43.1,,,,
496,10/6/15 16:30,14.134,32.3,,,,
497,10/6/15 17:00,14.134,10.8,,,,
498,10/6/15 17:30,14.134,0,,,,
499,10/6/15 18:00,14.038,0,,,,
500,10/6/15 18:30,14.038,0,,,,
501,10/6/15 19:00,13.942,0,,,,
502,10/6/15 19:30,13.942,0,,,,
503,10/6/15 20:00,13.846,0,,,,
504,10/6/15 20:30,13.75,0,,,,
505,10/6/15 21:00,13.75,0,,,,
506,10/6/15 21:30,13.654,0,,,,
507,10/6/15 22:00,13.654,0,,,,
508,10/6/15 22:30,13.654,0,,,,
509,10/6/15 23:00,13.558,0,,,,
510,10/6/15 23:30,13.558,0,,,,
511,10/7/15 0:00,13.558,0,,,,
512,10/7/15 0:30,13.558,0,,,,
513,10/7/15 1:00,13.461,0,,,,
514,10/7/15 1:30,13.461,0,,,,
515,10/7/15 2:00,13.461,0,,,,
516,10/7/15 2:30,13.461,0,,,,
517,10/7/15 3:00,13.461,0,,,,
518,10/7/15 3:30,13.461,0,,,,
519,10/7/15 4:00,13.461,0,,,,
520,10/7/15 4:30,13.365,0,,,,
521,10/7/15 5:00,13.365,0,,,,
522,10/7/15 5:30,13.365,0,,,,
523,10/7/15 6:00,13.269,0,,,,
524,10/7/15 6:30,13.269,0,,,,
525,10/7/15 7:00,13.269,0,,,,
526,10/7/15 7:30,13.269,0,,,,
527,10/7/15 8:00,13.269,10.8,,,,
528,10/7/15 8:30,13.269,21.5,,,,
529,10/7/15 9:00,13.269,43.1,,,,
530,10/7/15 9:30,13.461,129.2,,,,
531,10/7/15 10:00,13.558,118.4,,,,
532,10/7/15 10:30,13.75,204.5,,,,
533,10/7/15 11:00,13.942,107.6,,,,
534,10/7/15 11:30,14.134,183,,,,
535,10/7/15 12:00,14.325,204.5,,,,
536,10/7/15 12:30,14.517,204.5,,,,
537,10/7/15 13:00,14.709,96.9,,,,
538,10/7/15 13:30,14.996,139.9,,,,
539,10/7/15 14:00,15.282,96.9,,,,
540,10/7/15 14:30,15.76,226,,,,
541,10/7/15 15:00,15.855,118.4,,,,
542,10/7/15 15:30,16.046,118.4,,,,
543,10/7/15 16:00,16.141,53.8,,,,
544,10/7/15 16:30,16.141,64.6,,,,
545,10/7/15 17:00,15.951,21.5,,,,
546,10/7/15 17:30,15.76,21.5,,,,
547,10/7/15 18:00,15.664,0,,,,
548,10/7/15 18:30,15.569,0,,,,
549,10/7/15 19:00,15.473,0,,,,
550,10/7/15 19:30,15.282,0,,,,
551,10/7/15 20:00,15.091,0,,,,
552,10/7/15 20:30,14.996,0,,,,
553,10/7/15 21:00,14.9,0,,,,
554,10/7/15 21:30,14.804,0,,,,
555,10/7/15 22:00,14.709,0,,,,
556,10/7/15 22:30,14.613,0,,,,
557,10/7/15 23:00,14.613,0,,,,
558,10/7/15 23:30,14.517,0,,,,
559,10/8/15 0:00,14.517,0,,,,
560,10/8/15 0:30,14.421,0,,,,
561,10/8/15 1:00,14.421,0,,,,
562,10/8/15 1:30,14.325,0,,,,
563,10/8/15 2:00,14.23,0,,,,
564,10/8/15 2:30,14.134,0,,,,
565,10/8/15 3:00,14.038,0,,,,
566,10/8/15 3:30,13.942,0,,,,
567,10/8/15 4:00,13.846,0,,,,
568,10/8/15 4:30,13.654,0,,,,
569,10/8/15 5:00,13.558,0,,,,
570,10/8/15 5:30,13.365,0,,,,
571,10/8/15 6:00,13.269,0,,,,
572,10/8/15 6:30,13.173,0,,,,
573,10/8/15 7:00,13.173,0,,,,
574,10/8/15 7:30,13.173,0,,,,
575,10/8/15 8:00,13.173,21.5,,,,
576,10/8/15 8:30,13.269,75.3,,,,
577,10/8/15 9:00,13.365,43.1,,,,
578,10/8/15 9:30,13.461,86.1,,,,
579,10/8/15 10:00,13.558,107.6,,,,
580,10/8/15 10:30,13.75,204.5,,,,
581,10/8/15 11:00,13.942,172.2,,,,
582,10/8/15 11:30,14.23,161.5,,,,
583,10/8/15 12:00,14.517,86.1,,,,
584,10/8/15 12:30,14.804,96.9,,,,
585,10/8/15 13:00,15.091,53.8,,,,
586,10/8/15 13:30,15.473,129.2,,,,
587,10/8/15 14:00,15.664,96.9,,,,
588,10/8/15 14:30,15.855,86.1,,,,
589,10/8/15 15:00,15.855,86.1,,,,
590,10/8/15 15:30,15.951,86.1,,,,
591,10/8/15 16:00,16.046,43.1,,,,
592,10/8/15 16:30,15.951,43.1,,,,
593,10/8/15 17:00,15.855,43.1,,,,
594,10/8/15 17:30,15.76,21.5,,,,
595,10/8/15 18:00,15.664,10.8,,,,
596,10/8/15 18:30,15.569,0,,,,
597,10/8/15 19:00,15.473,0,,,,
598,10/8/15 19:30,15.282,0,,,,
599,10/8/15 20:00,15.091,0,,,,
600,10/8/15 20:30,14.804,0,,,,
601,10/8/15 21:00,14.613,0,,,,
602,10/8/15 21:30,14.421,0,,,,
603,10/8/15 22:00,14.23,0,,,,
604,10/8/15 22:30,14.038,0,,,,
605,10/8/15 23:00,13.942,0,,,,
606,10/8/15 23:30,13.846,0,,,,
607,10/9/15 0:00,13.846,0,,,,
608,10/9/15 0:30,13.75,0,,,,
609,10/9/15 1:00,13.75,0,,,,
610,10/9/15 1:30,13.75,0,,,,
611,10/9/15 2:00,13.75,0,,,,
612,10/9/15 2:30,13.846,0,,,,
613,10/9/15 3:00,13.846,0,,,,
614,10/9/15 3:30,13.846,0,,,,
615,10/9/15 4:00,13.942,0,,,,
616,10/9/15 4:30,13.942,0,,,,
617,10/9/15 5:00,13.942,0,,,,
618,10/9/15 5:30,14.038,0,,,,
619,10/9/15 6:00,14.038,0,,,,
620,10/9/15 6:30,14.038,0,,,,
621,10/9/15 7:00,14.134,0,,,,
622,10/9/15 7:30,14.134,0,,,,
623,10/9/15 8:00,14.23,0,,,,
624,10/9/15 8:30,14.23,0,,,,
625,10/9/15 9:00,14.325,10.8,,,,
626,10/9/15 9:30,14.421,10.8,,,,
627,10/9/15 10:00,14.421,10.8,,,,
628,10/9/15 10:30,14.517,10.8,,,,
629,10/9/15 11:00,14.613,21.5,,,,
630,10/9/15 11:30,14.709,43.1,,,,
631,10/9/15 12:00,14.709,32.3,,,,
632,10/9/15 12:30,14.804,10.8,,,,
633,10/9/15 13:00,14.9,10.8,,,,
634,10/9/15 13:30,14.996,10.8,,,,
635,10/9/15 14:00,14.996,96.9,,,,
636,10/9/15 14:30,15.091,75.3,,,,
637,10/9/15 15:00,15.091,86.1,,,,
638,10/9/15 15:30,15.187,129.2,,,,
639,10/9/15 16:00,15.282,64.6,,,,
640,10/9/15 16:30,15.282,43.1,,,,
641,10/9/15 17:00,15.282,21.5,,,,
642,10/9/15 17:30,15.282,0,,,,
643,10/9/15 18:00,15.187,10.8,,,,
644,10/9/15 18:30,15.091,0,,,,
645,10/9/15 19:00,14.9,0,,,,
646,10/9/15 19:30,14.804,0,,,,
647,10/9/15 20:00,14.613,0,,,,
648,10/9/15 20:30,14.421,0,,,,
649,10/9/15 21:00,14.23,0,,,,
650,10/9/15 21:30,14.134,0,,,,
651,10/9/15 22:00,13.942,0,,,,
652,10/9/15 22:30,13.846,0,,,,
653,10/9/15 23:00,13.654,0,,,,
654,10/9/15 23:30,13.558,0,,,,
655,10/10/15 0:00,13.461,0,,,,
656,10/10/15 0:30,13.365,0,,,,
657,10/10/15 1:00,13.365,0,,,,
658,10/10/15 1:30,13.269,0,,,,
659,10/10/15 2:00,13.269,0,,,,
660,10/10/15 2:30,13.173,0,,,,
661,10/10/15 3:00,13.076,0,,,,
662,10/10/15 3:30,12.98,0,,,,
663,10/10/15 4:00,12.883,0,,,,
664,10/10/15 4:30,12.787,0,,,,
665,10/10/15 5:00,12.69,0,,,,
666,10/10/15 5:30,12.594,0,,,,
667,10/10/15 6:00,12.497,0,,,,
668,10/10/15 6:30,12.497,0,,,,
669,10/10/15 7:00,12.401,0,,,,
670,10/10/15 7:30,12.304,10.8,,,,
671,10/10/15 8:00,12.304,32.3,,,,
672,10/10/15 8:30,12.304,53.8,,,,
673,10/10/15 9:00,12.304,53.8,,,,
674,10/10/15 9:30,12.401,86.1,,,,
675,10/10/15 10:00,12.497,139.9,,,,
676,10/10/15 10:30,12.594,118.4,,,,
677,10/10/15 11:00,12.883,172.2,,,,
678,10/10/15 11:30,13.076,107.6,,,,
679,10/10/15 12:00,13.365,32.3,,,,
680,10/10/15 12:30,13.558,75.3,,,,
681,10/10/15 13:00,13.75,53.8,,,,
682,10/10/15 13:30,13.942,139.9,,,,
683,10/10/15 14:00,14.038,53.8,,,,
684,10/10/15 14:30,14.325,215.3,,,,
685,10/10/15 15:00,14.325,53.8,,,,
686,10/10/15 15:30,14.421,75.3,,,,
687,10/10/15 16:00,14.23,32.3,,,,
688,10/10/15 16:30,14.134,32.3,,,,
689,10/10/15 17:00,14.038,32.3,,,,
690,10/10/15 17:30,13.942,21.5,,,,
691,10/10/15 18:00,13.75,10.8,,,,
692,10/10/15 18:30,13.654,0,,,,
693,10/10/15 19:00,13.365,0,,,,
694,10/10/15 19:30,13.173,0,,,,
695,10/10/15 20:00,12.883,0,,,,
696,10/10/15 20:30,12.69,0,,,,
697,10/10/15 21:00,12.497,0,,,,
698,10/10/15 21:30,12.304,0,,,,
699,10/10/15 22:00,12.207,0,,,,
700,10/10/15 22:30,12.013,0,,,,
701,10/10/15 23:00,11.916,0,,,,
702,10/10/15 23:30,11.722,0,,,,
703,10/11/15 0:00,11.625,0,,,,
704,10/11/15 0:30,11.528,0,,,,
705,10/11/15 1:00,11.431,0,,,,
706,10/11/15 1:30,11.334,0,,,,
707,10/11/15 2:00,11.236,0,,,,
708,10/11/15 2:30,11.139,0,,,,
709,10/11/15 3:00,11.139,0,,,,
710,10/11/15 3:30,11.041,0,,,,
711,10/11/15 4:00,10.944,0,,,,
712,10/11/15 4:30,10.944,0,,,,
713,10/11/15 5:00,10.846,0,,,,
714,10/11/15 5:30,10.748,0,,,,
715,10/11/15 6:00,10.651,0,,,,
716,10/11/15 6:30,10.651,0,,,,
717,10/11/15 7:00,10.553,0,,,,
718,10/11/15 7:30,10.455,0,,,,
719,10/11/15 8:00,10.455,21.5,,,,
720,10/11/15 8:30,10.357,21.5,,,,
721,10/11/15 9:00,10.357,43.1,,,,
722,10/11/15 9:30,10.455,43.1,,,,
723,10/11/15 10:00,10.553,43.1,,,,
724,10/11/15 10:30,10.748,43.1,,,,
725,10/11/15 11:00,11.139,53.8,,,,
726,10/11/15 11:30,11.625,64.6,,,,
727,10/11/15 12:00,12.11,64.6,,,,
728,10/11/15 12:30,12.69,64.6,,,,
729,10/11/15 13:00,13.076,64.6,,,,
730,10/11/15 13:30,13.461,118.4,,,,
731,10/11/15 14:00,13.654,64.6,,,,
732,10/11/15 14:30,14.038,75.3,,,,
733,10/11/15 15:00,14.23,53.8,,,,
734,10/11/15 15:30,14.421,64.6,,,,
735,10/11/15 16:00,14.421,32.3,,,,
736,10/11/15 16:30,14.325,21.5,,,,
737,10/11/15 17:00,14.325,10.8,,,,
738,10/11/15 17:30,14.23,10.8,,,,
739,10/11/15 18:00,14.134,0,,,,
740,10/11/15 18:30,14.038,0,,,,
741,10/11/15 19:00,13.846,0,,,,
742,10/11/15 19:30,13.75,0,,,,
743,10/11/15 20:00,13.461,0,,,,
744,10/11/15 20:30,13.269,0,,,,
745,10/11/15 21:00,13.076,0,,,,
746,10/11/15 21:30,12.883,0,,,,
747,10/11/15 22:00,12.69,0,,,,
748,10/11/15 22:30,12.497,0,,,,
749,10/11/15 23:00,12.401,0,,,,
750,10/11/15 23:30,12.304,0,,,,
751,10/12/15 0:00,12.207,0,,,,
752,10/12/15 0:30,12.11,0,,,,
753,10/12/15 1:00,12.013,0,,,,
754,10/12/15 1:30,11.916,0,,,,
755,10/12/15 2:00,11.916,0,,,,
756,10/12/15 2:30,11.819,0,,,,
757,10/12/15 3:00,11.722,0,,,,
758,10/12/15 3:30,11.722,0,,,,
759,10/12/15 4:00,11.722,0,,,,
760,10/12/15 4:30,11.625,0,,,,
761,10/12/15 5:00,11.625,0,,,,
762,10/12/15 5:30,11.528,0,,,,
763,10/12/15 6:00,11.528,0,,,,
764,10/12/15 6:30,11.431,0,,,,
765,10/12/15 7:00,11.431,0,,,,
766,10/12/15 7:30,11.334,0,,,,
767,10/12/15 8:00,11.334,10.8,,,,
768,10/12/15 8:30,11.334,32.3,,,,
769,10/12/15 9:00,11.334,43.1,,,,
770,10/12/15 9:30,11.431,43.1,,,,
771,10/12/15 10:00,11.431,43.1,,,,
772,10/12/15 10:30,11.625,43.1,,,,
773,10/12/15 11:00,11.916,53.8,,,,
774,10/12/15 11:30,12.401,64.6,,,,
775,10/12/15 12:00,12.98,64.6,,,,
776,10/12/15 12:30,13.461,64.6,,,,
777,10/12/15 13:00,13.942,64.6,,,,
778,10/12/15 13:30,14.325,75.3,,,,
779,10/12/15 14:00,14.517,64.6,,,,
780,10/12/15 14:30,14.9,53.8,,,,
781,10/12/15 15:00,15.091,53.8,,,,
782,10/12/15 15:30,15.187,64.6,,,,
783,10/12/15 16:00,15.187,32.3,,,,
784,10/12/15 16:30,14.996,21.5,,,,
785,10/12/15 17:00,14.9,21.5,,,,
786,10/12/15 17:30,14.804,10.8,,,,
787,10/12/15 18:00,14.613,0,,,,
788,10/12/15 18:30,14.517,0,,,,
789,10/12/15 19:00,14.421,0,,,,
790,10/12/15 19:30,14.23,0,,,,
791,10/12/15 20:00,14.038,0,,,,
792,10/12/15 20:30,13.942,0,,,,
793,10/12/15 21:00,13.75,0,,,,
794,10/12/15 21:30,13.558,0,,,,
795,10/12/15 22:00,13.365,0,,,,
796,10/12/15 22:30,13.269,0,,,,
797,10/12/15 23:00,13.076,0,,,,
798,10/12/15 23:30,13.076,0,,,,
799,10/13/15 0:00,12.98,0,,,,
800,10/13/15 0:30,12.883,0,,,,
801,10/13/15 1:00,12.787,0,,,,
802,10/13/15 1:30,12.787,0,,,,
803,10/13/15 2:00,12.787,0,,,,
804,10/13/15 2:30,12.787,0,,,,
805,10/13/15 3:00,12.787,0,,,,
806,10/13/15 3:30,12.787,0,,,,
807,10/13/15 4:00,12.69,0,,,,
808,10/13/15 4:30,12.69,0,,,,
809,10/13/15 5:00,12.69,0,,,,
810,10/13/15 5:30,12.69,0,,,,
811,10/13/15 6:00,12.69,0,,,,
812,10/13/15 6:30,12.69,0,,,,
813,10/13/15 7:00,12.787,0,,,,
814,10/13/15 7:30,12.787,0,,,,
815,10/13/15 8:00,12.787,0,,,,
816,10/13/15 8:30,12.883,10.8,,,,
817,10/13/15 9:00,12.883,10.8,,,,
818,10/13/15 9:30,12.98,21.5,,,,
819,10/13/15 10:00,13.076,21.5,,,,
820,10/13/15 10:30,13.076,21.5,,,,
821,10/13/15 11:00,13.173,107.6,,,,
822,10/13/15 11:30,13.461,204.5,,,,
823,10/13/15 12:00,13.75,150.7,,,,
824,10/13/15 12:30,14.134,118.4,,,,
825,10/13/15 13:00,14.421,118.4,,,,
826,10/13/15 13:30,14.613,96.9,,,,
827,10/13/15 14:00,14.709,75.3,,,,
828,10/13/15 14:30,14.613,32.3,,,,
829,10/13/15 15:00,14.613,107.6,,,,
830,10/13/15 15:30,14.613,86.1,,,,
831,10/13/15 16:00,14.517,43.1,,,,
832,10/13/15 16:30,14.517,10.8,,,,
833,10/13/15 17:00,14.517,75.3,,,,
834,10/13/15 17:30,14.421,21.5,,,,
835,10/13/15 18:00,14.325,0,,,,
836,10/13/15 18:30,14.23,0,,,,
837,10/13/15 19:00,14.134,0,,,,
838,10/13/15 19:30,14.038,0,,,,
839,10/13/15 20:00,13.846,0,,,,
840,10/13/15 20:30,13.75,0,,,,
841,10/13/15 21:00,13.654,0,,,,
842,10/13/15 21:30,13.558,0,,,,
843,10/13/15 22:00,13.461,0,,,,
844,10/13/15 22:30,13.365,0,,,,
845,10/13/15 23:00,13.269,0,,,,
846,10/13/15 23:30,13.173,0,,,,
847,10/14/15 0:00,13.173,0,,,,
848,10/14/15 0:30,13.173,0,,,,
849,10/14/15 1:00,13.173,0,,,,
850,10/14/15 1:30,13.076,0,,,,
851,10/14/15 2:00,13.076,0,,,,
852,10/14/15 2:30,13.076,0,,,,
853,10/14/15 3:00,13.076,0,,,,
854,10/14/15 3:30,13.076,0,,,,
855,10/14/15 4:00,12.98,0,,,,
856,10/14/15 4:30,12.98,0,,,,
857,10/14/15 5:00,12.98,0,,,,
858,10/14/15 5:30,12.98,0,,,,
859,10/14/15 6:00,12.98,0,,,,
860,10/14/15 6:30,12.98,0,,,,
861,10/14/15 7:00,12.98,0,,,,
862,10/14/15 7:30,12.98,0,,,,
863,10/14/15 8:00,12.883,10.8,,,,
864,10/14/15 8:30,12.883,43.1,,,,
865,10/14/15 9:00,12.98,75.3,,,,
866,10/14/15 9:30,12.98,75.3,,,,
867,10/14/15 10:00,13.076,86.1,,,,
868,10/14/15 10:30,13.076,43.1,,,,
869,10/14/15 11:00,13.076,96.9,,,,
870,10/14/15 11:30,13.173,107.6,,,,
871,10/14/15 12:00,13.269,129.2,,,,
872,10/14/15 12:30,13.461,193.8,,,,
873,10/14/15 13:00,13.654,193.8,,,,
874,10/14/15 13:30,13.75,139.9,,,,
875,10/14/15 14:00,13.846,129.2,,,,
876,10/14/15 14:30,13.942,64.6,,,,
877,10/14/15 15:00,13.942,118.4,,,,
878,10/14/15 15:30,13.846,64.6,,,,
879,10/14/15 16:00,13.75,118.4,,,,
880,10/14/15 16:30,13.654,53.8,,,,
881,10/14/15 17:00,13.654,64.6,,,,
882,10/14/15 17:30,13.461,0,,,,
883,10/14/15 18:00,13.365,0,,,,
884,10/14/15 18:30,13.269,0,,,,
885,10/14/15 19:00,13.173,0,,,,
886,10/14/15 19:30,12.98,0,,,,
887,10/14/15 20:00,12.883,0,,,,
888,10/14/15 20:30,12.787,0,,,,
889,10/14/15 21:00,12.69,0,,,,
890,10/14/15 21:30,12.594,0,,,,
891,10/14/15 22:00,12.497,0,,,,
892,10/14/15 22:30,12.401,0,,,,
893,10/14/15 23:00,12.304,0,,,,
894,10/14/15 23:30,12.207,0,,,,
895,10/15/15 0:00,12.11,0,,,,
896,10/15/15 0:30,11.916,0,,,,
897,10/15/15 1:00,11.819,0,,,,
898,10/15/15 1:30,11.625,0,,,,
899,10/15/15 2:00,11.528,0,,,,
900,10/15/15 2:30,11.334,0,,,,
901,10/15/15 3:00,11.236,0,,,,
902,10/15/15 3:30,11.236,0,,,,
903,10/15/15 4:00,11.236,0,,,,
904,10/15/15 4:30,11.139,0,,,,
905,10/15/15 5:00,11.041,0,,,,
906,10/15/15 5:30,10.944,0,,,,
907,10/15/15 6:00,10.846,0,,,,
908,10/15/15 6:30,10.748,0,,,,
909,10/15/15 7:00,10.651,0,,,,
910,10/15/15 7:30,10.651,0,,,,
911,10/15/15 8:00,10.651,10.8,,,,
912,10/15/15 8:30,10.748,64.6,,,,
913,10/15/15 9:00,10.846,107.6,,,,
914,10/15/15 9:30,11.041,139.9,,,,
915,10/15/15 10:00,11.041,53.8,,,,
916,10/15/15 10:30,11.139,53.8,,,,
917,10/15/15 11:00,11.334,64.6,,,,
918,10/15/15 11:30,11.722,75.3,,,,
919,10/15/15 12:00,12.11,86.1,,,,
920,10/15/15 12:30,12.497,75.3,,,,
921,10/15/15 13:00,12.98,75.3,,,,
922,10/15/15 13:30,13.461,161.5,,,,
923,10/15/15 14:00,13.654,86.1,,,,
924,10/15/15 14:30,13.942,86.1,,,,
925,10/15/15 15:00,14.134,64.6,,,,
926,10/15/15 15:30,14.23,139.9,,,,
927,10/15/15 16:00,14.134,75.3,,,,
928,10/15/15 16:30,13.942,21.5,,,,
929,10/15/15 17:00,13.846,43.1,,,,
930,10/15/15 17:30,13.654,10.8,,,,
931,10/15/15 18:00,13.558,0,,,,
932,10/15/15 18:30,13.365,0,,,,
933,10/15/15 19:00,13.269,0,,,,
934,10/15/15 19:30,13.173,0,,,,
935,10/15/15 20:00,13.076,0,,,,
936,10/15/15 20:30,13.076,0,,,,
937,10/15/15 21:00,12.98,0,,,,
938,10/15/15 21:30,12.883,0,,,,
939,10/15/15 22:00,12.787,0,,,,
940,10/15/15 22:30,12.594,0,,,,
941,10/15/15 23:00,12.497,0,,,,
942,10/15/15 23:30,12.401,0,,,,
943,10/16/15 0:00,12.304,0,,,,
944,10/16/15 0:30,12.207,0,,,,
945,10/16/15 1:00,12.11,0,,,,
946,10/16/15 1:30,12.11,0,,,,
947,10/16/15 2:00,12.013,0,,,,
948,10/16/15 2:30,11.916,0,,,,
949,10/16/15 3:00,11.819,0,,,,
950,10/16/15 3:30,11.819,0,,,,
951,10/16/15 4:00,11.722,0,,,,
952,10/16/15 4:30,11.625,0,,,,
953,10/16/15 5:00,11.625,0,,,,
954,10/16/15 5:30,11.528,0,,,,
955,10/16/15 6:00,11.528,0,,,,
956,10/16/15 6:30,11.431,0,,,,
957,10/16/15 7:00,11.431,0,,,,
958,10/16/15 7:30,11.334,0,,,,
959,10/16/15 8:00,11.334,10.8,,,,
960,10/16/15 8:30,11.334,21.5,,,,
961,10/16/15 9:00,11.431,32.3,,,,
962,10/16/15 9:30,11.431,43.1,,,,
963,10/16/15 10:00,11.528,96.9,,,,
964,10/16/15 10:30,11.625,53.8,,,,
965,10/16/15 11:00,11.722,118.4,,,,
966,10/16/15 11:30,12.013,129.2,,,,
967,10/16/15 12:00,12.013,107.6,,,,
968,10/16/15 12:30,12.207,96.9,,,,
969,10/16/15 13:00,12.401,226,,,,
970,10/16/15 13:30,12.497,96.9,,,,
971,10/16/15 14:00,12.787,183,,,,
972,10/16/15 14:30,12.98,139.9,,,,
973,10/16/15 15:00,13.076,129.2,,,,
974,10/16/15 15:30,13.076,75.3,,,,
975,10/16/15 16:00,13.076,129.2,,,,
976,10/16/15 16:30,12.98,53.8,,,,
977,10/16/15 17:00,12.883,0,,,,
978,10/16/15 17:30,12.304,96.9,,,,
979,10/16/15 18:00,12.207,0,,,,
980,10/16/15 18:30,12.207,0,,,,
981,10/16/15 19:00,12.013,0,,,,
982,10/16/15 19:30,11.916,0,,,,
983,10/16/15 20:00,11.819,0,,,,
984,10/16/15 20:30,11.722,0,,,,
985,10/16/15 21:00,11.625,0,,,,
986,10/16/15 21:30,11.528,0,,,,
987,10/16/15 22:00,11.334,0,,,,
988,10/16/15 22:30,11.334,0,,,,
989,10/16/15 23:00,11.139,0,,,,
990,10/16/15 23:30,11.041,0,,,,
991,10/17/15 0:00,11.041,0,,,,
992,10/17/15 0:30,10.944,0,,,,
993,10/17/15 1:00,10.748,0,,,,
994,10/17/15 1:30,10.651,0,,,,
995,10/17/15 2:00,10.553,0,,,,
996,10/17/15 2:30,10.455,0,,,,
997,10/17/15 3:00,10.259,0,,,,
998,10/17/15 3:30,10.161,0,,,,
999,10/17/15 4:00,9.965,0,,,,
1000,10/17/15 4:30,9.866,0,,,,
1001,10/17/15 5:00,9.768,0,,,,
1002,10/17/15 5:30,9.768,0,,,,
1003,10/17/15 6:00,9.768,0,,,,
1004,10/17/15 6:30,9.669,0,,,,
1005,10/17/15 7:00,9.571,0,,,,
1006,10/17/15 7:30,9.571,0,,,,
1007,10/17/15 8:00,9.472,10.8,,,,
1008,10/17/15 8:30,9.275,21.5,,,,
1009,10/17/15 9:00,9.275,53.8,,,,
1010,10/17/15 9:30,9.176,118.4,,,,
1011,10/17/15 10:00,9.275,118.4,,,,
1012,10/17/15 10:30,9.275,118.4,,,,
1013,10/17/15 11:00,9.373,107.6,,,,
1014,10/17/15 11:30,9.571,139.9,,,,
1015,10/17/15 12:00,9.669,193.8,,,,
1016,10/17/15 12:30,9.768,150.7,,,,
1017,10/17/15 13:00,9.866,183,,,,
1018,10/17/15 13:30,9.965,86.1,,,,
1019,10/17/15 14:00,10.161,409,,,,
1020,10/17/15 14:30,10.259,129.2,,,,
1021,10/17/15 15:00,10.259,86.1,,,,
1022,10/17/15 15:30,10.161,107.6,,,,
1023,10/17/15 16:00,10.063,43.1,,,,
1024,10/17/15 16:30,9.965,86.1,,,,
1025,10/17/15 17:00,9.768,75.3,,,,
1026,10/17/15 17:30,9.571,21.5,,,,
1027,10/17/15 18:00,9.472,10.8,,,,
1028,10/17/15 18:30,9.373,0,,,,
1029,10/17/15 19:00,9.275,0,,,,
1030,10/17/15 19:30,9.077,0,,,,
1031,10/17/15 20:00,8.978,0,,,,
1032,10/17/15 20:30,8.779,0,,,,
1033,10/17/15 21:00,8.68,0,,,,
1034,10/17/15 21:30,8.481,0,,,,
1035,10/17/15 22:00,8.382,0,,,,
1036,10/17/15 22:30,8.182,0,,,,
1037,10/17/15 23:00,8.082,0,,,,
1038,10/17/15 23:30,7.983,0,,,,
1039,10/18/15 0:00,7.882,0,,,,
1040,10/18/15 0:30,7.882,0,,,,
1041,10/18/15 1:00,7.782,0,,,,
1042,10/18/15 1:30,7.682,0,,,,
1043,10/18/15 2:00,7.582,0,,,,
1044,10/18/15 2:30,7.481,0,,,,
1045,10/18/15 3:00,7.381,0,,,,
1046,10/18/15 3:30,7.381,0,,,,
1047,10/18/15 4:00,7.28,0,,,,
1048,10/18/15 4:30,7.28,0,,,,
1049,10/18/15 5:00,7.28,0,,,,
1050,10/18/15 5:30,7.28,0,,,,
1051,10/18/15 6:00,7.179,0,,,,
1052,10/18/15 6:30,7.079,0,,,,
1053,10/18/15 7:00,7.079,0,,,,
1054,10/18/15 7:30,7.079,0,,,,
1055,10/18/15 8:00,6.978,10.8,,,,
1056,10/18/15 8:30,6.978,32.3,,,,
1057,10/18/15 9:00,7.079,118.4,,,,
1058,10/18/15 9:30,7.079,32.3,,,,
1059,10/18/15 10:00,7.179,172.2,,,,
1060,10/18/15 10:30,7.28,53.8,,,,
1061,10/18/15 11:00,7.079,75.3,,,,
1062,10/18/15 11:30,7.381,118.4,,,,
1063,10/18/15 12:00,7.582,183,,,,
1064,10/18/15 12:30,7.782,193.8,,,,
1065,10/18/15 13:00,7.983,161.5,,,,
1066,10/18/15 13:30,8.082,172.2,,,,
1067,10/18/15 14:00,8.182,183,,,,
1068,10/18/15 14:30,8.282,75.3,,,,
1069,10/18/15 15:00,8.282,150.7,,,,
1070,10/18/15 15:30,8.282,86.1,,,,
1071,10/18/15 16:00,8.182,64.6,,,,
1072,10/18/15 16:30,8.182,75.3,,,,
1073,10/18/15 17:00,8.082,21.5,,,,
1074,10/18/15 17:30,7.983,10.8,,,,
1075,10/18/15 18:00,7.882,0,,,,
1076,10/18/15 18:30,7.682,0,,,,
1077,10/18/15 19:00,7.582,0,,,,
1078,10/18/15 19:30,7.481,0,,,,
1079,10/18/15 20:00,7.28,0,,,,
1080,10/18/15 20:30,7.079,0,,,,
1081,10/18/15 21:00,6.877,0,,,,
1082,10/18/15 21:30,6.775,0,,,,
1083,10/18/15 22:00,6.573,0,,,,
1084,10/18/15 22:30,6.471,0,,,,
1085,10/18/15 23:00,6.37,0,,,,
1086,10/18/15 23:30,6.268,0,,,,
1087,10/19/15 0:00,6.166,0,,,,
1088,10/19/15 0:30,6.166,0,,,,
1089,10/19/15 1:00,6.064,0,,,,
1090,10/19/15 1:30,5.962,0,,,,
1091,10/19/15 2:00,5.962,0,,,,
1092,10/19/15 2:30,5.86,0,,,,
1093,10/19/15 3:00,5.757,0,,,,
1094,10/19/15 3:30,5.655,0,,,,
1095,10/19/15 4:00,5.552,0,,,,
1096,10/19/15 4:30,5.45,0,,,,
1097,10/19/15 5:00,5.347,0,,,,
1098,10/19/15 5:30,5.244,0,,,,
1099,10/19/15 6:00,5.244,0,,,,
1100,10/19/15 6:30,5.141,0,,,,
1101,10/19/15 7:00,5.037,0,,,,
1102,10/19/15 7:30,5.037,0,,,,
1103,10/19/15 8:00,4.934,10.8,,,,
1104,10/19/15 8:30,4.934,21.5,,,,
1105,10/19/15 9:00,4.934,43.1,,,,
1106,10/19/15 9:30,5.037,86.1,,,,
1107,10/19/15 10:00,5.141,86.1,,,,
1108,10/19/15 10:30,5.244,53.8,,,,
1109,10/19/15 11:00,5.45,53.8,,,,
1110,10/19/15 11:30,5.86,75.3,,,,
1111,10/19/15 12:00,6.268,64.6,,,,
1112,10/19/15 12:30,6.775,64.6,,,,
1113,10/19/15 13:00,7.28,64.6,,,,
1114,10/19/15 13:30,7.782,75.3,,,,
1115,10/19/15 14:00,7.983,107.6,,,,
1116,10/19/15 14:30,8.182,75.3,,,,
1117,10/19/15 15:00,8.481,53.8,,,,
1118,10/19/15 15:30,8.481,53.8,,,,
1119,10/19/15 16:00,8.481,43.1,,,,
1120,10/19/15 16:30,8.382,32.3,,,,
1121,10/19/15 17:00,8.382,32.3,,,,
1122,10/19/15 17:30,8.282,32.3,,,,
1123,10/19/15 18:00,8.282,0,,,,
1124,10/19/15 18:30,8.182,0,,,,
1125,10/19/15 19:00,8.082,0,,,,
1126,10/19/15 19:30,8.082,0,,,,
1127,10/19/15 20:00,7.983,0,,,,
1128,10/19/15 20:30,7.882,0,,,,
1129,10/19/15 21:00,7.782,0,,,,
1130,10/19/15 21:30,7.782,0,,,,
1131,10/19/15 22:00,7.682,0,,,,
1132,10/19/15 22:30,7.582,0,,,,
1133,10/19/15 23:00,7.582,0,,,,
1134,10/19/15 23:30,7.582,0,,,,
1135,10/20/15 0:00,7.582,0,,,,
1136,10/20/15 0:30,7.582,0,,,,
1137,10/20/15 1:00,7.481,0,,,,
1138,10/20/15 1:30,7.481,0,,,,
1139,10/20/15 2:00,7.481,0,,,,
1140,10/20/15 2:30,7.481,0,,,,
1141,10/20/15 3:00,7.481,0,,,,
1142,10/20/15 3:30,7.381,0,,,,
1143,10/20/15 4:00,7.381,0,,,,
1144,10/20/15 4:30,7.381,0,,,,
1145,10/20/15 5:00,7.381,0,,,,
1146,10/20/15 5:30,7.481,0,,,,
1147,10/20/15 6:00,7.481,0,,,,
1148,10/20/15 6:30,7.481,0,,,,
1149,10/20/15 7:00,7.481,0,,,,
1150,10/20/15 7:30,7.481,0,,,,
1151,10/20/15 8:00,7.481,21.5,,,,
1152,10/20/15 8:30,7.582,53.8,,,,
1153,10/20/15 9:00,7.682,53.8,,,,
1154,10/20/15 9:30,7.782,43.1,,,,
1155,10/20/15 10:00,7.882,107.6,,,,
1156,10/20/15 10:30,8.082,107.6,,,,
1157,10/20/15 11:00,8.182,118.4,,,,
1158,10/20/15 11:30,8.481,193.8,,,,
1159,10/20/15 12:00,8.68,204.5,,,,
1160,10/20/15 12:30,8.978,183,,,,
1161,10/20/15 13:00,9.176,129.2,,,,
1162,10/20/15 13:30,9.373,129.2,,,,
1163,10/20/15 14:00,9.472,96.9,,,,
1164,10/20/15 14:30,9.571,172.2,,,,
1165,10/20/15 15:00,9.669,64.6,,,,
1166,10/20/15 15:30,9.866,161.5,,,,
1167,10/20/15 16:00,10.161,43.1,,,,
1168,10/20/15 16:30,10.259,75.3,,,,
1169,10/20/15 17:00,10.259,43.1,,,,
1170,10/20/15 17:30,10.259,0,,,,
1171,10/20/15 18:00,10.161,0,,,,
1172,10/20/15 18:30,10.063,0,,,,
1173,10/20/15 19:00,9.965,0,,,,
1174,10/20/15 19:30,9.965,0,,,,
1175,10/20/15 20:00,9.866,0,,,,
1176,10/20/15 20:30,9.866,0,,,,
1177,10/20/15 21:00,9.768,0,,,,
1178,10/20/15 21:30,9.768,0,,,,
1179,10/20/15 22:00,9.669,0,,,,
1180,10/20/15 22:30,9.669,0,,,,
1181,10/20/15 23:00,9.571,0,,,,
1182,10/20/15 23:30,9.571,0,,,,
1183,10/21/15 0:00,9.571,0,,,,
1184,10/21/15 0:30,9.472,0,,,,
1185,10/21/15 1:00,9.472,0,,,,
1186,10/21/15 1:30,9.373,0,,,,
1187,10/21/15 2:00,9.373,0,,,,
1188,10/21/15 2:30,9.373,0,,,,
1189,10/21/15 3:00,9.373,0,,,,
1190,10/21/15 3:30,9.275,0,,,,
1191,10/21/15 4:00,9.275,0,,,,
1192,10/21/15 4:30,9.275,0,,,,
1193,10/21/15 5:00,9.275,0,,,,
1194,10/21/15 5:30,9.176,0,,,,
1195,10/21/15 6:00,9.176,0,,,,
1196,10/21/15 6:30,9.176,0,,,,
1197,10/21/15 7:00,9.275,0,,,,
1198,10/21/15 7:30,9.275,0,,,,
1199,10/21/15 8:00,9.275,0,,,,
1200,10/21/15 8:30,9.275,10.8,,,,
1201,10/21/15 9:00,9.373,10.8,,,,
1202,10/21/15 9:30,9.472,64.6,,,,
1203,10/21/15 10:00,9.669,96.9,,,,
1204,10/21/15 10:30,9.768,107.6,,,,
1205,10/21/15 11:00,9.965,86.1,,,,
1206,10/21/15 11:30,10.063,75.3,,,,
1207,10/21/15 12:00,10.161,139.9,,,,
1208,10/21/15 12:30,10.455,204.5,,,,
1209,10/21/15 13:00,10.651,161.5,,,,
1210,10/21/15 13:30,10.944,139.9,,,,
1211,10/21/15 14:00,11.139,118.4,,,,
1212,10/21/15 14:30,11.334,183,,,,
1213,10/21/15 15:00,11.528,150.7,,,,
1214,10/21/15 15:30,11.722,118.4,,,,
1215,10/21/15 16:00,11.722,96.9,,,,
1216,10/21/15 16:30,11.819,75.3,,,,
1217,10/21/15 17:00,11.819,43.1,,,,
1218,10/21/15 17:30,11.722,10.8,,,,
1219,10/21/15 18:00,11.722,0,,,,
1220,10/21/15 18:30,11.528,0,,,,
1221,10/21/15 19:00,11.528,0,,,,
1222,10/21/15 19:30,11.431,0,,,,
1223,10/21/15 20:00,11.334,0,,,,
1224,10/21/15 20:30,11.236,0,,,,
1225,10/21/15 21:00,11.139,0,,,,
1226,10/21/15 21:30,11.041,0,,,,
1227,10/21/15 22:00,10.944,0,,,,
1228,10/21/15 22:30,10.846,0,,,,
1229,10/21/15 23:00,10.748,0,,,,
1230,10/21/15 23:30,10.748,0,,,,
1231,10/22/15 0:00,10.651,0,,,,
1232,10/22/15 0:30,10.651,0,,,,
1233,10/22/15 1:00,10.651,0,,,,
1234,10/22/15 1:30,10.651,0,,,,
1235,10/22/15 2:00,10.651,0,,,,
1236,10/22/15 2:30,10.651,0,,,,
1237,10/22/15 3:00,10.651,0,,,,
1238,10/22/15 3:30,10.651,0,,,,
1239,10/22/15 4:00,10.651,0,,,,
1240,10/22/15 4:30,10.748,0,,,,
1241,10/22/15 5:00,10.748,0,,,,
1242,10/22/15 5:30,10.651,0,,,,
1243,10/22/15 6:00,10.748,0,,,,
1244,10/22/15 6:30,10.748,0,,,,
1245,10/22/15 7:00,10.748,0,,,,
1246,10/22/15 7:30,10.748,0,,,,
1247,10/22/15 8:00,10.846,10.8,,,,
1248,10/22/15 8:30,10.846,32.3,,,,
1249,10/22/15 9:00,10.944,75.3,,,,
1250,10/22/15 9:30,11.139,53.8,,,,
1251,10/22/15 10:00,11.236,64.6,,,,
1252,10/22/15 10:30,11.431,139.9,,,,
1253,10/22/15 11:00,11.625,96.9,,,,
1254,10/22/15 11:30,11.722,86.1,,,,
1255,10/22/15 12:00,11.819,107.6,,,,
1256,10/22/15 12:30,12.11,96.9,,,,
1257,10/22/15 13:00,12.207,118.4,,,,
1258,10/22/15 13:30,12.401,43.1,,,,
1259,10/22/15 14:00,12.401,32.3,,,,
1260,10/22/15 14:30,12.497,43.1,,,,
1261,10/22/15 15:00,12.497,43.1,,,,
1262,10/22/15 15:30,12.594,129.2,,,,
1263,10/22/15 16:00,12.69,86.1,,,,
1264,10/22/15 16:30,12.69,53.8,,,,
1265,10/22/15 17:00,12.69,64.6,,,,
1266,10/22/15 17:30,12.594,21.5,,,,
1267,10/22/15 18:00,12.497,0,,,,
1268,10/22/15 18:30,12.401,0,,,,
1269,10/22/15 19:00,12.304,0,,,,
1270,10/22/15 19:30,12.207,0,,,,
1271,10/22/15 20:00,12.013,0,,,,
1272,10/22/15 20:30,11.916,0,,,,
1273,10/22/15 21:00,11.819,0,,,,
1274,10/22/15 21:30,11.625,0,,,,
1275,10/22/15 22:00,11.431,0,,,,
1276,10/22/15 22:30,11.236,0,,,,
1277,10/22/15 23:00,11.139,0,,,,
1278,10/22/15 23:30,11.139,0,,,,
1279,10/23/15 0:00,11.041,0,,,,
1280,10/23/15 0:30,10.944,0,,,,
1281,10/23/15 1:00,10.846,0,,,,
1282,10/23/15 1:30,10.846,0,,,,
1283,10/23/15 2:00,10.748,0,,,,
1284,10/23/15 2:30,10.651,0,,,,
1285,10/23/15 3:00,10.651,0,,,,
1286,10/23/15 3:30,10.553,0,,,,
1287,10/23/15 4:00,10.455,0,,,,
1288,10/23/15 4:30,10.357,0,,,,
1289,10/23/15 5:00,10.259,0,,,,
1290,10/23/15 5:30,10.161,0,,,,
1291,10/23/15 6:00,9.965,0,,,,
1292,10/23/15 6:30,9.866,0,,,,
1293,10/23/15 7:00,9.669,0,,,,
1294,10/23/15 7:30,9.472,0,,,,
1295,10/23/15 8:00,9.373,0,,,,
1296,10/23/15 8:30,9.275,21.5,,,,
1297,10/23/15 9:00,9.176,21.5,,,,
1298,10/23/15 9:30,9.176,96.9,,,,
1299,10/23/15 10:00,9.176,139.9,,,,
1300,10/23/15 10:30,9.275,96.9,,,,
1301,10/23/15 11:00,9.472,183,,,,
1302,10/23/15 11:30,9.571,172.2,,,,
1303,10/23/15 12:00,9.768,183,,,,
1304,10/23/15 12:30,9.965,64.6,,,,
1305,10/23/15 13:00,10.259,86.1,,,,
1306,10/23/15 13:30,10.651,129.2,,,,
1307,10/23/15 14:00,10.748,64.6,,,,
1308,10/23/15 14:30,11.041,43.1,,,,
1309,10/23/15 15:00,11.236,53.8,,,,
1310,10/23/15 15:30,11.236,53.8,,,,
1311,10/23/15 16:00,11.139,43.1,,,,
1312,10/23/15 16:30,10.846,21.5,,,,
1313,10/23/15 17:00,10.651,10.8,,,,
1314,10/23/15 17:30,10.455,10.8,,,,
1315,10/23/15 18:00,10.259,0,,,,
1316,10/23/15 18:30,10.161,0,,,,
1317,10/23/15 19:00,9.965,0,,,,
1318,10/23/15 19:30,9.866,0,,,,
1319,10/23/15 20:00,9.768,0,,,,
1320,10/23/15 20:30,9.571,0,,,,
1321,10/23/15 21:00,9.472,0,,,,
1322,10/23/15 21:30,9.275,0,,,,
1323,10/23/15 22:00,9.077,0,,,,
1324,10/23/15 22:30,8.879,0,,,,
1325,10/23/15 23:00,8.68,0,,,,
1326,10/23/15 23:30,8.481,0,,,,
1327,10/24/15 0:00,8.282,0,,,,
1328,10/24/15 0:30,8.182,0,,,,
1329,10/24/15 1:00,8.082,0,,,,
1330,10/24/15 1:30,7.983,0,,,,
1331,10/24/15 2:00,7.882,0,,,,
1332,10/24/15 2:30,7.782,0,,,,
1333,10/24/15 3:00,7.782,0,,,,
1334,10/24/15 3:30,7.682,0,,,,
1335,10/24/15 4:00,7.682,0,,,,
1336,10/24/15 4:30,7.682,0,,,,
1337,10/24/15 5:00,7.682,0,,,,
1338,10/24/15 5:30,7.682,0,,,,
1339,10/24/15 6:00,7.682,0,,,,
1340,10/24/15 6:30,7.682,0,,,,
1341,10/24/15 7:00,7.682,0,,,,
1342,10/24/15 7:30,7.682,0,,,,
1343,10/24/15 8:00,7.682,0,,,,
1344,10/24/15 8:30,7.782,10.8,,,,
1345,10/24/15 9:00,7.782,43.1,,,,
1346,10/24/15 9:30,7.882,64.6,,,,
1347,10/24/15 10:00,7.983,86.1,,,,
1348,10/24/15 10:30,7.983,96.9,,,,
1349,10/24/15 11:00,8.182,96.9,,,,
1350,10/24/15 11:30,8.282,107.6,,,,
1351,10/24/15 12:00,8.382,53.8,,,,
1352,10/24/15 12:30,8.581,0,,,,
1353,10/24/15 13:00,9.866,882.6,,,,
1354,10/24/15 13:30,11.334,484.4,,,,
1355,10/24/15 14:00,10.063,0,,,,
1356,10/24/15 14:30,10.651,0,,,,
1357,10/24/15 15:00,11.334,0,,,,
1358,10/24/15 15:30,11.431,0,,,,
1359,10/24/15 16:00,11.236,0,,,,
1360,10/24/15 16:30,10.846,0,,,,
1361,10/24/15 17:00,10.259,0,,,,
1362,10/24/15 17:30,9.768,0,,,,
1363,10/24/15 18:00,9.275,0,,,,
1364,10/24/15 18:30,8.879,0,,,,
1365,10/24/15 19:00,8.68,0,,,,
1366,10/24/15 19:30,8.481,0,,,,
1367,10/24/15 20:00,8.382,0,,,,
1368,10/24/15 20:30,8.282,0,,,,
1369,10/24/15 21:00,8.082,0,,,,
1370,10/24/15 21:30,7.983,0,,,,
1371,10/24/15 22:00,7.882,0,,,,
1372,10/24/15 22:30,7.882,0,,,,
1373,10/24/15 23:00,7.782,0,,,,
1374,10/24/15 23:30,7.682,0,,,,
1375,10/25/15 0:00,7.682,0,,,,
1376,10/25/15 0:30,7.582,0,,,,
1377,10/25/15 1:00,7.582,0,,,,
1378,10/25/15 1:30,7.582,0,,,,
1379,10/25/15 2:00,7.682,0,,,,
1380,10/25/15 2:30,7.682,0,,,,
1381,10/25/15 3:00,7.782,0,,,,
1382,10/25/15 3:30,7.882,0,,,,
1383,10/25/15 4:00,7.983,0,,,,
1384,10/25/15 4:30,8.082,0,,,,
1385,10/25/15 5:00,8.082,0,,,,
1386,10/25/15 5:30,8.182,0,,,,
1387,10/25/15 6:00,8.282,0,,,,
1388,10/25/15 6:30,8.382,0,,,,
1389,10/25/15 7:00,8.481,0,,,,
1390,10/25/15 7:30,8.581,0,,,,
1391,10/25/15 8:00,8.68,0,,,,
1392,10/25/15 8:30,8.779,0,,,,
1393,10/25/15 9:00,8.879,0,,,,
1394,10/25/15 9:30,9.077,0,,,,
1395,10/25/15 10:00,9.571,0,,,,
1396,10/25/15 10:30,10.846,64.6,,,,
1397,10/25/15 11:00,10.455,43.1,,,,
1398,10/25/15 11:30,10.063,43.1,,,,
1399,10/25/15 12:00,10.944,0,,,,
1400,10/25/15 12:30,10.161,21.5,,,,
1401,10/25/15 13:00,9.866,139.9,,,,
1402,10/25/15 13:30,9.373,0,,,,
1403,10/25/15 14:00,8.978,0,,,,
1404,10/25/15 14:30,10.259,0,,,,
1405,10/25/15 15:00,11.528,0,,,,
1406,10/25/15 15:30,12.304,0,,,,
1407,10/25/15 16:00,14.613,161.5,,,,
1408,10/25/15 16:30,20.519,0,,,,
1409,10/25/15 17:00,21.187,0,,,,
1410,10/25/15 17:30,21.378,0,,,,
1411,10/25/15 18:00,21.473,0,,,,
1412,10/25/15 18:30,21.473,0,,,,
1413,10/25/15 19:00,21.473,0,,,,
1414,10/25/15 19:30,21.473,0,,,,
1415,10/25/15 20:00,21.378,0,,,,
1416,10/25/15 20:30,21.378,0,,,,
1417,10/25/15 21:00,21.378,0,,,,
1418,10/25/15 21:30,21.378,0,,,,
1419,10/25/15 22:00,21.378,0,,,,
1420,10/25/15 22:30,21.282,0,,,,
1421,10/25/15 23:00,21.282,0,,,,
1422,10/25/15 23:30,21.187,0,,,,
1423,10/26/15 0:00,21.187,0,,,,
1424,10/26/15 0:30,21.091,0,,,,
1425,10/26/15 1:00,21.091,0,,,,
1426,10/26/15 1:30,21.091,0,,,,
1427,10/26/15 2:00,21.091,0,,,,
1428,10/26/15 2:30,21.091,0,,,,
1429,10/26/15 3:00,21.091,0,,,,
1430,10/26/15 3:30,21.091,0,,,,
1431,10/26/15 4:00,21.091,0,,,,
1432,10/26/15 4:30,20.996,0,,,,
1433,10/26/15 5:00,20.996,0,,,,
1434,10/26/15 5:30,20.901,0,,,,
1435,10/26/15 6:00,20.901,0,,,,
1436,10/26/15 6:30,20.901,0,,,,
1437,10/26/15 7:00,20.901,0,,,,
1438,10/26/15 7:30,20.805,0,,,,
1439,10/26/15 8:00,20.805,0,,,,
1440,10/26/15 8:30,20.996,0,,,,
1441,10/26/15 9:00,21.187,0,,,,
1442,10/26/15 9:30,21.187,0,,,,
1443,10/26/15 10:00,21.091,0,,,,
1444,10/26/15 10:30,21.091,0,,,,
1445,10/26/15 11:00,21.473,0,,,,
1446,10/26/15 11:30,21.76,0,,,,
1447,10/26/15 12:00,21.951,0,,,,
1448,10/26/15 12:30,21.951,0,,,,
1449,10/26/15 13:00,21.855,0,,,,
1450,10/26/15 13:30,21.664,0,,,,
1451,10/26/15 14:00,21.951,0,,,,
1452,10/26/15 14:30,22.238,0,,,,
1453,10/26/15 15:00,22.238,0,,,,
1454,10/26/15 15:30,22.429,0,,,,
1455,10/26/15 16:00,22.525,0,,,,
1456,10/26/15 16:30,22.429,0,,,,
1457,10/26/15 17:00,22.238,0,,,,
1458,10/26/15 17:30,22.046,0,,,,
1459,10/26/15 18:00,21.951,0,,,,
1460,10/26/15 18:30,21.855,0,,,,
1461,10/26/15 19:00,21.76,0,,,,
1462,10/26/15 19:30,21.664,0,,,,
1463,10/26/15 20:00,21.569,0,,,,
1464,10/26/15 20:30,21.473,0,,,,
1465,10/26/15 21:00,21.378,0,,,,
1466,10/26/15 21:30,21.378,0,,,,
1467,10/26/15 22:00,21.282,0,,,,
1468,10/26/15 22:30,21.282,0,,,,
1469,10/26/15 23:00,21.187,0,,,,
1470,10/26/15 23:30,21.187,0,,,,
1471,10/27/15 0:00,21.091,0,,,,
1472,10/27/15 0:30,21.091,0,,,,
1473,10/27/15 1:00,21.091,0,,,,
1474,10/27/15 1:30,21.091,0,,,,
1475,10/27/15 2:00,21.091,0,,,,
1476,10/27/15 2:30,20.996,0,,,,
1477,10/27/15 3:00,20.996,0,,,,
1478,10/27/15 3:30,20.996,0,,,,
1479,10/27/15 4:00,20.901,0,,,,
1480,10/27/15 4:30,20.901,0,,,,
1481,10/27/15 5:00,20.901,0,,,,
1482,10/27/15 5:30,20.805,0,,,,
1483,10/27/15 6:00,20.805,0,,,,
1484,10/27/15 6:30,20.805,0,,,,
1485,10/27/15 7:00,20.805,0,,,,
1486,10/27/15 7:30,20.71,0,,,,
1487,10/27/15 8:00,20.71,0,,,,
1488,10/27/15 8:30,20.71,0,,,,
1489,10/27/15 9:00,20.71,0,,,,
1490,10/27/15 9:30,20.901,0,,,,
1491,10/27/15 10:00,21.091,0,,,,
1492,10/27/15 10:30,21.282,0,,,,
1493,10/27/15 11:00,21.378,0,,,,
1494,10/27/15 11:30,21.473,0,,,,
1495,10/27/15 12:00,21.473,0,,,,
1496,10/27/15 12:30,21.473,0,,,,
1497,10/27/15 13:00,21.378,0,,,,
1498,10/27/15 13:30,21.378,0,,,,
1499,10/27/15 14:00,21.378,0,,,,
1500,10/27/15 14:30,21.378,0,,,,
1501,10/27/15 15:00,21.664,0,,,,
1502,10/27/15 15:30,21.855,0,,,,
1503,10/27/15 16:00,21.76,0,,,,
1504,10/27/15 16:30,21.664,0,,,,
1505,10/27/15 17:00,21.569,0,,,,
1506,10/27/15 17:30,21.569,0,,,,
1507,10/27/15 18:00,21.473,0,,,,
1508,10/27/15 18:30,21.473,0,,,,
1509,10/27/15 19:00,21.473,0,,,,
1510,10/27/15 19:30,21.378,0,,,,
1511,10/27/15 20:00,21.378,0,,,,
1512,10/27/15 20:30,21.378,0,,,,
1513,10/27/15 21:00,21.378,0,,,,
1514,10/27/15 21:30,21.378,0,,,,
1515,10/27/15 22:00,21.378,0,,,,
1516,10/27/15 22:30,21.378,0,,,,
1517,10/27/15 23:00,21.378,0,,,,
1518,10/27/15 23:30,21.378,0,,,,
1519,10/28/15 0:00,21.378,0,,,,
1520,10/28/15 0:30,21.378,0,,,,
1521,10/28/15 1:00,21.378,0,,,,
1522,10/28/15 1:30,21.378,0,,,,
1523,10/28/15 2:00,21.378,0,,,,
1524,10/28/15 2:30,21.378,0,,,,
1525,10/28/15 3:00,21.473,0,,,,
1526,10/28/15 3:30,21.378,0,,,,
1527,10/28/15 4:00,21.378,0,,,,
1528,10/28/15 4:30,21.378,0,,,,
1529,10/28/15 5:00,21.378,0,,,,
1530,10/28/15 5:30,21.378,0,,,,
1531,10/28/15 6:00,21.378,0,,,,
1532,10/28/15 6:30,21.378,0,,,,
1533,10/28/15 7:00,21.473,0,,,,
1534,10/28/15 7:30,21.378,0,,,,
1535,10/28/15 8:00,21.473,0,,,,
1536,10/28/15 8:30,21.473,0,,,,
1537,10/28/15 9:00,21.473,0,,,,
1538,10/28/15 9:30,21.473,0,,,,
1539,10/28/15 10:00,21.569,0,,,,
1540,10/28/15 10:30,21.569,0,,,,
1541,10/28/15 11:00,21.855,0,,,,
1542,10/28/15 11:30,22.238,0,,,,
1543,10/28/15 12:00,22.333,0,,,,
1544,10/28/15 12:30,22.333,0,,,,
1545,10/28/15 13:00,22.238,0,,,,
1546,10/28/15 13:30,22.142,0,,,,
1547,10/28/15 14:00,22.142,0,,,,
1548,10/28/15 14:30,22.238,0,,,,
1549,10/28/15 15:00,22.429,0,,,,
1550,10/28/15 15:30,22.621,0,,,,
1551,10/28/15 16:00,22.812,0,,,,
1552,10/28/15 16:30,23.004,0,,,,
1553,10/28/15 17:00,22.812,0,,,,
1554,10/28/15 17:30,22.621,0,,,,
1555,10/28/15 18:00,22.525,0,,,,
1556,10/28/15 18:30,22.525,0,,,,
1557,10/28/15 19:00,22.429,0,,,,
1558,10/28/15 19:30,22.429,0,,,,
1559,10/28/15 20:00,22.333,0,,,,
1560,10/28/15 20:30,22.333,0,,,,
1561,10/28/15 21:00,22.429,0,,,,
1562,10/28/15 21:30,22.429,0,,,,
1563,10/28/15 22:00,22.429,0,,,,
1564,10/28/15 22:30,22.429,0,,,,
1565,10/28/15 23:00,22.429,0,,,,
1566,10/28/15 23:30,22.429,0,,,,
1567,10/29/15 0:00,22.429,0,,,,
1568,10/29/15 0:30,22.429,0,,,,
1569,10/29/15 1:00,22.429,0,,,,
1570,10/29/15 1:30,22.525,0,,,,
1571,10/29/15 2:00,22.525,0,,,,
1572,10/29/15 2:30,22.525,0,,,,
1573,10/29/15 3:00,22.525,0,,,,
1574,10/29/15 3:30,22.525,0,,,,
1575,10/29/15 4:00,22.525,0,,,,
1576,10/29/15 4:30,22.525,0,,,,
1577,10/29/15 5:00,22.525,0,,,,
1578,10/29/15 5:30,22.525,0,,,,
1579,10/29/15 6:00,22.525,0,,,,
1580,10/29/15 6:30,22.429,0,,,,
1581,10/29/15 7:00,22.429,0,,,,
1582,10/29/15 7:30,22.429,0,,,,
1583,10/29/15 8:00,22.429,0,,,,
1584,10/29/15 8:30,22.333,0,,,,
1585,10/29/15 9:00,22.429,0,,,,
1586,10/29/15 9:30,22.717,0,,,,
1587,10/29/15 10:00,22.908,0,,,,
1588,10/29/15 10:30,23.1,0,,,,
1589,10/29/15 11:00,23.196,0,,,,
1590,10/29/15 11:30,23.196,0,,,,
1591,10/29/15 12:00,23.1,0,,,,
1592,10/29/15 12:30,23.004,0,,,,
1593,10/29/15 13:00,23.004,0,,,,
1594,10/29/15 13:30,22.908,0,,,,
1595,10/29/15 14:00,22.908,0,,,,
1596,10/29/15 14:30,22.717,0,,,,
1597,10/29/15 15:00,22.525,0,,,,
1598,10/29/15 15:30,22.429,0,,,,
1599,10/29/15 16:00,22.525,0,,,,
1600,10/29/15 16:30,22.621,0,,,,
1601,10/29/15 17:00,22.621,0,,,,
1602,10/29/15 17:30,22.621,0,,,,
1603,10/29/15 18:00,22.429,0,,,,
1604,10/29/15 18:30,22.333,0,,,,
1605,10/29/15 19:00,22.238,0,,,,
1606,10/29/15 19:30,22.142,0,,,,
1607,10/29/15 20:00,22.046,0,,,,
1608,10/29/15 20:30,21.951,0,,,,
1609,10/29/15 21:00,21.855,0,,,,
1610,10/29/15 21:30,21.76,0,,,,
1611,10/29/15 22:00,21.76,0,,,,
1612,10/29/15 22:30,21.664,0,,,,
1613,10/29/15 23:00,21.664,0,,,,
1614,10/29/15 23:30,21.664,0,,,,
1615,10/30/15 0:00,21.569,0,,,,
1616,10/30/15 0:30,21.569,0,,,,
1617,10/30/15 1:00,21.569,0,,,,
1618,10/30/15 1:30,21.569,0,,,,
1619,10/30/15 2:00,21.569,0,,,,
1620,10/30/15 2:30,21.569,0,,,,
1621,10/30/15 3:00,21.569,0,,,,
1622,10/30/15 3:30,21.473,0,,,,
1623,10/30/15 4:00,21.569,0,,,,
1624,10/30/15 4:30,21.473,0,,,,
1625,10/30/15 5:00,21.473,0,,,,
1626,10/30/15 5:30,21.473,0,,,,
1627,10/30/15 6:00,21.473,0,,,,
1628,10/30/15 6:30,21.569,0,,,,
1629,10/30/15 7:00,21.473,0,,,,
1630,10/30/15 7:30,21.473,0,,,,
1631,10/30/15 8:00,21.473,0,,,,
1632,10/30/15 8:30,21.473,0,,,,
1633,10/30/15 9:00,21.76,0,,,,
1634,10/30/15 9:30,21.855,0,,,,
1635,10/30/15 10:00,21.951,0,,,,
1636,10/30/15 10:30,22.142,0,,,,
1637,10/30/15 11:00,22.238,0,,,,
1638,10/30/15 11:30,22.046,0,,,,
1639,10/30/15 12:00,21.951,0,,,,
1640,10/30/15 12:30,21.855,0,,,,
1641,10/30/15 13:00,21.76,0,,,,
1642,10/30/15 13:30,21.76,0,,,,
1643,10/30/15 14:00,21.664,0,,,,
1644,10/30/15 14:30,21.664,0,,,,
1645,10/30/15 15:00,21.855,0,,,,
1646,10/30/15 15:30,22.046,0,,,,
1647,10/30/15 16:00,22.142,0,,,,
1648,10/30/15 16:30,22.429,0,,,,
1649,10/30/15 17:00,22.621,0,,,,
1650,10/30/15 17:30,22.717,0,,,,
1651,10/30/15 18:00,22.429,0,,,,
1652,10/30/15 18:30,22.142,0,,,,
1653,10/30/15 19:00,21.951,0,,,,
1654,10/30/15 19:30,22.046,0,,,,
1655,10/30/15 20:00,21.855,0,,,,
1656,10/30/15 20:30,21.664,0,,,,
1657,10/30/15 21:00,21.569,0,,,,
1658,10/30/15 21:30,21.569,0,,,,
1659,10/30/15 22:00,21.473,0,,,,
1660,10/30/15 22:30,21.378,0,,,,
1661,10/30/15 23:00,21.282,0,,,,
1662,10/30/15 23:30,21.282,0,,,,
1663,10/31/15 0:00,21.187,0,,,,
1664,10/31/15 0:30,21.187,0,,,,
1665,10/31/15 1:00,21.091,0,,,,
1666,10/31/15 1:30,21.091,0,,,,
1667,10/31/15 2:00,21.091,0,,,,
1668,10/31/15 2:30,21.091,0,,,,
1669,10/31/15 3:00,21.091,0,,,,
1670,10/31/15 3:30,21.091,0,,,,
1671,10/31/15 4:00,20.996,0,,,,
1672,10/31/15 4:30,20.996,0,,,,
1673,10/31/15 5:00,20.996,0,,,,
1674,10/31/15 5:30,20.996,0,,,,
1675,10/31/15 6:00,20.901,0,,,,
1676,10/31/15 6:30,20.901,0,,,,
1677,10/31/15 7:00,20.901,0,,,,
1678,10/31/15 7:30,20.901,0,,,,
1679,10/31/15 8:00,20.901,0,,,,
1680,10/31/15 8:30,20.901,0,,,,
1681,10/31/15 9:00,20.901,10.8,,,,
1682,10/31/15 9:30,20.901,21.5,,,,
1683,10/31/15 10:00,20.901,21.5,,,,
1684,10/31/15 10:30,20.901,21.5,,,,
1685,10/31/15 11:00,20.996,32.3,,,,
1686,10/31/15 11:30,20.996,32.3,,,,
1687,10/31/15 12:00,21.091,43.1,,,,
1688,10/31/15 12:30,21.187,32.3,,,,
1689,10/31/15 13:00,21.187,53.8,,,,
1690,10/31/15 13:30,21.187,21.5,,,,
1691,10/31/15 14:00,21.187,32.3,,,,
1692,10/31/15 14:30,21.282,21.5,,,,
1693,10/31/15 15:00,21.282,21.5,,,,
1694,10/31/15 15:30,21.282,21.5,,,,
1695,10/31/15 16:00,21.187,10.8,,,,
1696,10/31/15 16:30,21.282,0,,,,
1697,10/31/15 17:00,21.187,0,,,,
1698,10/31/15 17:30,21.187,0,,,,
1699,10/31/15 18:00,21.187,0,,,,
1700,10/31/15 18:30,21.187,0,,,,
1701,10/31/15 19:00,21.187,0,,,,
1702,10/31/15 19:30,21.091,0,,,,
1703,10/31/15 20:00,21.091,0,,,,
1704,10/31/15 20:30,21.091,0,,,,
1705,10/31/15 21:00,21.091,0,,,,
1706,10/31/15 21:30,21.091,0,,,,
1707,10/31/15 22:00,21.091,0,,,,
1708,10/31/15 22:30,21.091,0,,,,
1709,10/31/15 23:00,21.091,0,,,,
1710,10/31/15 23:30,21.091,0,,,,
1711,11/1/15 0:00,21.091,0,,,,
1712,11/1/15 0:30,20.996,0,,,,
1713,11/1/15 1:00,20.996,0,,,,
1714,11/1/15 1:30,20.996,0,,,,
1715,11/1/15 2:00,20.996,0,,,,
1716,11/1/15 2:30,20.996,0,,,,
1717,11/1/15 3:00,20.996,0,,,,
1718,11/1/15 3:30,21.091,0,,,,
1719,11/1/15 4:00,21.091,0,,,,
1720,11/1/15 4:30,21.091,0,,,,
1721,11/1/15 5:00,21.091,0,,,,
1722,11/1/15 5:30,21.091,0,,,,
1723,11/1/15 6:00,21.091,0,,,,
1724,11/1/15 6:30,21.091,0,,,,
1725,11/1/15 7:00,21.091,0,,,,
1726,11/1/15 7:30,21.091,0,,,,
1727,11/1/15 8:00,21.091,0,,,,
1728,11/1/15 8:30,21.091,0,,,,
1729,11/1/15 9:00,21.187,0,,,,
1730,11/1/15 9:30,21.187,0,,,,
1731,11/1/15 10:00,21.187,21.5,,,,
1732,11/1/15 10:30,21.282,21.5,,,,
1733,11/1/15 11:00,21.282,0,,,,
1734,11/1/15 11:30,21.378,0,,,,
1735,11/1/15 12:00,21.378,32.3,,,,
1736,11/1/15 12:30,21.473,43.1,,,,
1737,11/1/15 13:00,21.569,21.5,,,,
1738,11/1/15 13:30,21.569,53.8,,,,
1739,11/1/15 14:00,21.569,53.8,,,,
1740,11/1/15 14:30,21.664,43.1,,,,
1741,11/1/15 15:00,21.664,32.3,,,,
1742,11/1/15 15:30,21.569,32.3,,,,
1743,11/1/15 16:00,21.569,21.5,,,,
1744,11/1/15 16:30,21.569,21.5,,,,
1745,11/1/15 17:00,21.569,10.8,,,,
1746,11/1/15 17:30,21.473,0,,,,
1747,11/1/15 18:00,21.473,0,,,,
1748,11/1/15 18:30,21.378,0,,,,
1749,11/1/15 19:00,21.378,0,,,,
1750,11/1/15 19:30,21.378,0,,,,
1751,11/1/15 20:00,21.282,0,,,,
1752,11/1/15 20:30,21.282,0,,,,
1753,11/1/15 21:00,21.378,0,,,,
1754,11/1/15 21:30,21.378,0,,,,
1755,11/1/15 22:00,21.378,0,,,,
1756,11/1/15 22:30,21.378,0,,,,
1757,11/1/15 23:00,21.378,0,,,,
1758,11/1/15 23:30,21.282,0,,,,
1759,11/2/15 0:00,21.378,0,,,,
1760,11/2/15 0:30,21.378,0,,,,
1761,11/2/15 1:00,21.378,0,,,,
1762,11/2/15 1:30,21.282,0,,,,
1763,11/2/15 2:00,21.282,0,,,,
1764,11/2/15 2:30,21.282,0,,,,
1765,11/2/15 3:00,21.282,0,,,,
1766,11/2/15 3:30,21.282,0,,,,
1767,11/2/15 4:00,21.282,0,,,,
1768,11/2/15 4:30,21.187,0,,,,
1769,11/2/15 5:00,21.187,0,,,,
1770,11/2/15 5:30,21.187,0,,,,
1771,11/2/15 6:00,21.187,0,,,,
1772,11/2/15 6:30,21.187,0,,,,
1773,11/2/15 7:00,21.187,0,,,,
1774,11/2/15 7:30,21.091,0,,,,
1775,11/2/15 8:00,21.091,0,,,,
1776,11/2/15 8:30,21.282,0,,,,
1777,11/2/15 9:00,21.664,0,,,,
1778,11/2/15 9:30,22.333,0,,,,
1779,11/2/15 10:00,22.238,0,,,,
1780,11/2/15 10:30,22.046,0,,,,
1781,11/2/15 11:00,21.855,0,,,,
1782,11/2/15 11:30,22.046,10.8,,,,
1783,11/2/15 12:00,21.951,10.8,,,,
1784,11/2/15 12:30,21.951,10.8,,,,
1785,11/2/15 13:00,21.855,10.8,,,,
1786,11/2/15 13:30,22.142,10.8,,,,
1787,11/2/15 14:00,22.238,10.8,,,,
1788,11/2/15 14:30,22.429,0,,,,
1789,11/2/15 15:00,22.525,0,,,,
1790,11/2/15 15:30,22.621,0,,,,
1791,11/2/15 16:00,22.621,0,,,,
1792,11/2/15 16:30,22.621,0,,,,
1793,11/2/15 17:00,22.621,0,,,,
1794,11/2/15 17:30,22.525,0,,,,
1795,11/2/15 18:00,22.429,0,,,,
1796,11/2/15 18:30,22.238,0,,,,
1797,11/2/15 19:00,22.238,0,,,,
1798,11/2/15 19:30,22.142,0,,,,
1799,11/2/15 20:00,22.142,0,,,,
1800,11/2/15 20:30,22.046,0,,,,
1801,11/2/15 21:00,21.951,0,,,,
1802,11/2/15 21:30,21.951,0,,,,
1803,11/2/15 22:00,21.855,0,,,,
1804,11/2/15 22:30,21.855,0,,,,
1805,11/2/15 23:00,21.855,0,,,,
1806,11/2/15 23:30,21.76,0,,,,
1807,11/3/15 0:00,21.76,0,,,,
1808,11/3/15 0:30,21.76,0,,,,
1809,11/3/15 1:00,21.664,0,,,,
1810,11/3/15 1:30,21.664,0,,,,
1811,11/3/15 2:00,21.664,0,,,,
1812,11/3/15 2:30,21.664,0,,,,
1813,11/3/15 3:00,21.664,0,,,,
1814,11/3/15 3:30,21.664,0,,,,
1815,11/3/15 4:00,21.664,0,,,,
1816,11/3/15 4:30,21.664,0,,,,
1817,11/3/15 5:00,21.569,0,,,,
1818,11/3/15 5:30,21.569,0,,,,
1819,11/3/15 6:00,21.569,0,,,,
1820,11/3/15 6:30,21.473,0,,,,
1821,11/3/15 7:00,21.473,0,,,,
1822,11/3/15 7:30,21.473,0,,,,
1823,11/3/15 8:00,21.473,0,,,,
1824,11/3/15 8:30,21.473,0,,,,
1825,11/3/15 9:00,21.378,0,,,,
1826,11/3/15 9:30,21.473,0,,,,
1827,11/3/15 10:00,21.473,0,,,,
1828,11/3/15 10:30,21.76,0,,,,
1829,11/3/15 11:00,22.046,0,,,,
1830,11/3/15 11:30,22.046,0,,,,
1831,11/3/15 12:00,21.951,10.8,,,,
1832,11/3/15 12:30,21.951,10.8,,,,
1833,11/3/15 13:00,22.333,0,,,,
1834,11/3/15 13:30,22.525,0,,,,
1835,11/3/15 14:00,22.429,0,,,,
1836,11/3/15 14:30,22.429,0,,,,
1837,11/3/15 15:00,22.429,0,,,,
1838,11/3/15 15:30,22.429,0,,,,
1839,11/3/15 16:00,22.429,0,,,,
1840,11/3/15 16:30,22.333,0,,,,
1841,11/3/15 17:00,22.429,0,,,,
1842,11/3/15 17:30,22.525,0,,,,
1843,11/3/15 18:00,22.621,0,,,,
1844,11/3/15 18:30,22.717,0,,,,
1845,11/3/15 19:00,22.717,0,,,,
1846,11/3/15 19:30,22.525,0,,,,
1847,11/3/15 20:00,22.429,0,,,,
1848,11/3/15 20:30,22.429,0,,,,
1849,11/3/15 21:00,22.333,0,,,,
1850,11/3/15 21:30,22.238,0,,,,
1851,11/3/15 22:00,22.238,0,,,,
1852,11/3/15 22:30,22.238,0,,,,
1853,11/3/15 23:00,22.142,0,,,,
1854,11/3/15 23:30,22.046,0,,,,
1855,11/4/15 0:00,22.046,0,,,,
1856,11/4/15 0:30,21.951,0,,,,
1857,11/4/15 1:00,21.951,0,,,,
1858,11/4/15 1:30,21.951,0,,,,
1859,11/4/15 2:00,21.951,0,,,,
1860,11/4/15 2:30,21.855,0,,,,
1861,11/4/15 3:00,21.855,0,,,,
1862,11/4/15 3:30,21.855,0,,,,
1863,11/4/15 4:00,21.855,0,,,,
1864,11/4/15 4:30,21.76,0,,,,
1865,11/4/15 5:00,21.76,0,,,,
1866,11/4/15 5:30,21.76,0,,,,
1867,11/4/15 6:00,21.76,0,,,,
1868,11/4/15 6:30,21.76,0,,,,
1869,11/4/15 7:00,21.664,0,,,,
1870,11/4/15 7:30,21.664,0,,,,
1871,11/4/15 8:00,21.664,0,,,,
1872,11/4/15 8:30,21.76,0,,,,
1873,11/4/15 9:00,22.142,75.3,,,,
1874,11/4/15 9:30,22.333,96.9,,,,
1875,11/4/15 10:00,22.333,43.1,,,,
1876,11/4/15 10:30,22.142,43.1,,,,
1877,11/4/15 11:00,22.046,53.8,,,,
1878,11/4/15 11:30,22.046,53.8,,,,
1879,11/4/15 12:00,22.333,10.8,,,,
1880,11/4/15 12:30,22.812,10.8,,,,
1881,11/4/15 13:00,23.677,118.4,,,,
1882,11/4/15 13:30,24.738,75.3,,,,
1883,11/4/15 14:00,25.319,43.1,,,,
1884,11/4/15 14:30,25.61,32.3,,,,
1885,11/4/15 15:00,25.416,21.5,,,,
1886,11/4/15 15:30,25.222,32.3,,,,
1887,11/4/15 16:00,24.931,32.3,,,,
1888,11/4/15 16:30,24.641,32.3,,,,
1889,11/4/15 17:00,24.351,0,,,,
1890,11/4/15 17:30,24.158,0,,,,
1891,11/4/15 18:00,23.966,0,,,,
1892,11/4/15 18:30,23.677,0,,,,
1893,11/4/15 19:00,23.388,0,,,,
1894,11/4/15 19:30,23.196,0,,,,
1895,11/4/15 20:00,23.1,0,,,,
1896,11/4/15 20:30,23.196,0,,,,
1897,11/4/15 21:00,23.292,0,,,,
1898,11/4/15 21:30,23.292,0,,,,
1899,11/4/15 22:00,23.292,0,,,,
1900,11/4/15 22:30,23.196,0,,,,
1901,11/4/15 23:00,23.196,0,,,,
1902,11/4/15 23:30,23.196,0,,,,
1903,11/5/15 0:00,23.196,0,,,,
1904,11/5/15 0:30,23.1,0,,,,
1905,11/5/15 1:00,23.1,0,,,,
1906,11/5/15 1:30,23.1,0,,,,
1907,11/5/15 2:00,23.1,0,,,,
1908,11/5/15 2:30,23.1,0,,,,
1909,11/5/15 3:00,23.004,0,,,,
1910,11/5/15 3:30,23.004,0,,,,
1911,11/5/15 4:00,23.004,0,,,,
1912,11/5/15 4:30,23.004,0,,,,
1913,11/5/15 5:00,23.004,0,,,,
1914,11/5/15 5:30,23.004,0,,,,
1915,11/5/15 6:00,22.908,0,,,,
1916,11/5/15 6:30,22.908,0,,,,
1917,11/5/15 7:00,22.908,0,,,,
1918,11/5/15 7:30,22.908,0,,,,
1919,11/5/15 8:00,22.908,0,,,,
1920,11/5/15 8:30,22.908,0,,,,
1921,11/5/15 9:00,23.004,10.8,,,,
1922,11/5/15 9:30,23.1,10.8,,,,
1923,11/5/15 10:00,23.292,10.8,,,,
1924,11/5/15 10:30,23.388,10.8,,,,
1925,11/5/15 11:00,23.484,0,,,,
1926,11/5/15 11:30,23.484,0,,,,
1927,11/5/15 12:00,23.484,10.8,,,,
1928,11/5/15 12:30,23.484,21.5,,,,
1929,11/5/15 13:00,23.484,21.5,,,,
1930,11/5/15 13:30,23.484,21.5,,,,
1931,11/5/15 14:00,23.484,21.5,,,,
1932,11/5/15 14:11,,,Logged,Logged,,
1933,11/5/15 14:11,,,,,Logged,Logged